Timestamp,Machine,Temperature,Status
2025-01-01T00:00:00,M4,119.12,ERROR
2025-01-01T00:01:00,M1,119.04,ERROR
2025-01-01T00:02:00,M3,118.14,OK
2025-01-01T00:03:00,M4,98.6,OK
2025-01-01T00:04:00,M1,84.02,OK
2025-01-01T00:05:00,M1,94.03,ERROR
2025-01-01T00:06:00,M5,105.22,OK
2025-01-01T00:07:00,M2,66.13,OK
2025-01-01T00:08:00,M2,65.72,ERROR
2025-01-01T00:09:00,M5,87.54,WARN
2025-01-01T00:10:00,M3,91.01,OK
2025-01-01T00:11:00,M2,68.14,WARN
2025-01-01T00:12:00,M4,114.48,OK
2025-01-01T00:13:00,M5,91.91,ERROR
2025-01-01T00:14:00,M3,94.67,WARN
2025-01-01T00:15:00,M4,80.13,ERROR
2025-01-01T00:16:00,M5,80.61,WARN
2025-01-01T00:17:00,M3,87.86,WARN
2025-01-01T00:18:00,M4,98.23,OK
2025-01-01T00:19:00,M2,107.63,ERROR
2025-01-01T00:20:00,M4,73.47,ERROR
2025-01-01T00:21:00,M2,83.27,ERROR
2025-01-01T00:22:00,M5,86.74,OK
2025-01-01T00:23:00,M5,115.43,ERROR
2025-01-01T00:24:00,M4,90.16,OK
2025-01-01T00:25:00,M1,106.19,OK
2025-01-01T00:26:00,M3,79.01,WARN
2025-01-01T00:27:00,M2,66.82,WARN
2025-01-01T00:28:00,M3,91.89,WARN
2025-01-01T00:29:00,M5,66.54,ERROR
2025-01-01T00:30:00,M4,97.07,ERROR
2025-01-01T00:31:00,M2,82.32,ERROR
2025-01-01T00:32:00,M4,102.14,ERROR
2025-01-01T00:33:00,M3,63.05,ERROR
2025-01-01T00:34:00,M1,64.49,OK
2025-01-01T00:35:00,M5,114.98,ERROR
2025-01-01T00:36:00,M1,99.66,WARN
2025-01-01T00:37:00,M1,60.59,ERROR
2025-01-01T00:38:00,M2,60.64,OK
2025-01-01T00:39:00,M3,92.24,OK
2025-01-01T00:40:00,M1,73.19,ERROR
2025-01-01T00:41:00,M4,88.36,OK
2025-01-01T00:42:00,M4,108.3,OK
2025-01-01T00:43:00,M5,113.56,OK
2025-01-01T00:44:00,M2,89.22,OK
2025-01-01T00:45:00,M5,115.12,ERROR
2025-01-01T00:46:00,M5,93.86,WARN
2025-01-01T00:47:00,M3,101.5,OK
2025-01-01T00:48:00,M2,72.58,ERROR
2025-01-01T00:49:00,M2,117.72,WARN
2025-01-01T00:50:00,M1,69.15,OK
2025-01-01T00:51:00,M1,88.7,WARN
2025-01-01T00:52:00,M4,103.58,OK
2025-01-01T00:53:00,M3,97.95,OK
2025-01-01T00:54:00,M1,60.26,OK
2025-01-01T00:55:00,M3,75.34,OK
2025-01-01T00:56:00,M5,99.13,ERROR
2025-01-01T00:57:00,M2,88.51,ERROR
2025-01-01T00:58:00,M4,103.71,ERROR
2025-01-01T00:59:00,M4,62.6,ERROR
2025-01-01T01:00:00,M4,118.15,ERROR
2025-01-01T01:01:00,M5,84.98,WARN
2025-01-01T01:02:00,M2,98.8,ERROR
2025-01-01T01:03:00,M4,117.69,WARN
2025-01-01T01:04:00,M5,62.53,OK
2025-01-01T01:05:00,M1,83.82,OK
2025-01-01T01:06:00,M3,62.52,OK
2025-01-01T01:07:00,M4,63.41,ERROR
2025-01-01T01:08:00,M4,87.69,WARN
2025-01-01T01:09:00,M2,71.88,OK
2025-01-01T01:10:00,M2,111.08,ERROR
2025-01-01T01:11:00,M1,119.17,WARN
2025-01-01T01:12:00,M5,102.89,WARN
2025-01-01T01:13:00,M4,87.47,OK
2025-01-01T01:14:00,M1,108.63,OK
2025-01-01T01:15:00,M2,107.92,ERROR
2025-01-01T01:16:00,M1,106.69,ERROR
2025-01-01T01:17:00,M5,75.56,WARN
2025-01-01T01:18:00,M4,91.28,OK
2025-01-01T01:19:00,M2,79.16,WARN
2025-01-01T01:20:00,M2,111.19,ERROR
2025-01-01T01:21:00,M2,64.48,WARN
2025-01-01T01:22:00,M1,96.59,WARN
2025-01-01T01:23:00,M5,103.83,OK
2025-01-01T01:24:00,M4,112.08,ERROR
2025-01-01T01:25:00,M1,89.76,ERROR
2025-01-01T01:26:00,M4,69.1,WARN
2025-01-01T01:27:00,M4,101.73,WARN
2025-01-01T01:28:00,M1,69.54,WARN
2025-01-01T01:29:00,M4,92.9,ERROR
2025-01-01T01:30:00,M4,109.43,WARN
2025-01-01T01:31:00,M4,74.22,OK
2025-01-01T01:32:00,M4,77.81,OK
2025-01-01T01:33:00,M4,99.54,WARN
2025-01-01T01:34:00,M4,108.95,OK
2025-01-01T01:35:00,M4,76.78,OK
2025-01-01T01:36:00,M5,87.55,OK
2025-01-01T01:37:00,M2,103.06,OK
2025-01-01T01:38:00,M4,80.84,ERROR
2025-01-01T01:39:00,M4,95.6,OK
2025-01-01T01:40:00,M1,111.95,ERROR
2025-01-01T01:41:00,M4,117.34,WARN
2025-01-01T01:42:00,M2,92.35,ERROR
2025-01-01T01:43:00,M1,78.37,OK
2025-01-01T01:44:00,M4,75.59,OK
2025-01-01T01:45:00,M2,112.42,WARN
2025-01-01T01:46:00,M2,118.59,WARN
2025-01-01T01:47:00,M1,118.37,OK
2025-01-01T01:48:00,M5,112.1,ERROR
2025-01-01T01:49:00,M1,92.18,ERROR
2025-01-01T01:50:00,M4,69.31,WARN
2025-01-01T01:51:00,M3,76.06,OK
2025-01-01T01:52:00,M4,99.08,OK
2025-01-01T01:53:00,M4,61.76,OK
2025-01-01T01:54:00,M3,79.85,OK
2025-01-01T01:55:00,M2,103.22,OK
2025-01-01T01:56:00,M2,104.51,ERROR
2025-01-01T01:57:00,M4,81.56,WARN
2025-01-01T01:58:00,M4,105.93,OK
2025-01-01T01:59:00,M2,104.2,ERROR
2025-01-01T02:00:00,M4,109.01,WARN
2025-01-01T02:01:00,M5,82.83,WARN
2025-01-01T02:02:00,M1,109.37,OK
2025-01-01T02:03:00,M5,74.02,WARN
2025-01-01T02:04:00,M5,107.55,WARN
2025-01-01T02:05:00,M1,98.11,OK
2025-01-01T02:06:00,M4,89.72,WARN
2025-01-01T02:07:00,M3,91.33,WARN
2025-01-01T02:08:00,M2,98.73,WARN
2025-01-01T02:09:00,M2,89.17,WARN
2025-01-01T02:10:00,M4,61.32,OK
2025-01-01T02:11:00,M4,103.13,ERROR
2025-01-01T02:12:00,M1,109.24,WARN
2025-01-01T02:13:00,M2,102.47,OK
2025-01-01T02:14:00,M1,78.71,OK
2025-01-01T02:15:00,M1,89.96,WARN
2025-01-01T02:16:00,M1,84.44,OK
2025-01-01T02:17:00,M1,84.14,OK
2025-01-01T02:18:00,M5,119.07,OK
2025-01-01T02:19:00,M2,81.67,OK
2025-01-01T02:20:00,M2,76.77,WARN
2025-01-01T02:21:00,M4,96.39,OK
2025-01-01T02:22:00,M5,98.98,WARN
2025-01-01T02:23:00,M3,92.46,OK
2025-01-01T02:24:00,M5,76.6,ERROR
2025-01-01T02:25:00,M2,111.39,OK
2025-01-01T02:26:00,M1,94.28,OK
2025-01-01T02:27:00,M3,118.34,ERROR
2025-01-01T02:28:00,M3,77.4,WARN
2025-01-01T02:29:00,M5,115.99,OK
2025-01-01T02:30:00,M2,71.85,WARN
2025-01-01T02:31:00,M5,92.65,OK
2025-01-01T02:32:00,M4,91.64,ERROR
2025-01-01T02:33:00,M5,104.86,OK
2025-01-01T02:34:00,M1,87.75,WARN
2025-01-01T02:35:00,M2,116.07,OK
2025-01-01T02:36:00,M1,82.47,WARN
2025-01-01T02:37:00,M3,71.1,WARN
2025-01-01T02:38:00,M5,80.0,ERROR
2025-01-01T02:39:00,M1,86.01,OK
2025-01-01T02:40:00,M4,62.57,WARN
2025-01-01T02:41:00,M2,76.94,ERROR
2025-01-01T02:42:00,M1,85.46,ERROR
2025-01-01T02:43:00,M4,86.42,ERROR
2025-01-01T02:44:00,M5,95.98,ERROR
2025-01-01T02:45:00,M4,64.26,ERROR
2025-01-01T02:46:00,M1,119.87,ERROR
2025-01-01T02:47:00,M5,106.18,ERROR
2025-01-01T02:48:00,M4,68.07,WARN
2025-01-01T02:49:00,M4,67.6,ERROR
2025-01-01T02:50:00,M4,87.29,ERROR
2025-01-01T02:51:00,M3,79.65,WARN
2025-01-01T02:52:00,M2,73.51,OK
2025-01-01T02:53:00,M5,67.44,OK
2025-01-01T02:54:00,M5,117.55,WARN
2025-01-01T02:55:00,M2,108.9,OK
2025-01-01T02:56:00,M4,68.28,OK
2025-01-01T02:57:00,M2,97.4,ERROR
2025-01-01T02:58:00,M2,114.63,OK
2025-01-01T02:59:00,M4,91.58,ERROR
2025-01-01T03:00:00,M3,77.21,ERROR
2025-01-01T03:01:00,M2,72.12,OK
2025-01-01T03:02:00,M5,112.77,WARN
2025-01-01T03:03:00,M5,65.03,WARN
2025-01-01T03:04:00,M1,113.72,ERROR
2025-01-01T03:05:00,M5,114.06,WARN
2025-01-01T03:06:00,M5,114.52,OK
2025-01-01T03:07:00,M1,99.32,OK
2025-01-01T03:08:00,M5,89.28,ERROR
2025-01-01T03:09:00,M4,81.36,OK
2025-01-01T03:10:00,M3,109.76,ERROR
2025-01-01T03:11:00,M4,104.33,OK
2025-01-01T03:12:00,M2,71.79,ERROR
2025-01-01T03:13:00,M2,108.86,ERROR
2025-01-01T03:14:00,M3,71.94,OK
2025-01-01T03:15:00,M3,86.64,WARN
2025-01-01T03:16:00,M1,90.1,WARN
2025-01-01T03:17:00,M1,66.63,ERROR
2025-01-01T03:18:00,M1,65.58,WARN
2025-01-01T03:19:00,M4,107.32,WARN
2025-01-01T03:20:00,M2,68.29,OK
2025-01-01T03:21:00,M2,95.95,ERROR
2025-01-01T03:22:00,M5,94.33,OK
2025-01-01T03:23:00,M5,93.3,WARN
2025-01-01T03:24:00,M5,99.48,ERROR
2025-01-01T03:25:00,M4,85.05,ERROR
2025-01-01T03:26:00,M4,94.04,OK
2025-01-01T03:27:00,M1,103.04,WARN
2025-01-01T03:28:00,M2,106.81,ERROR
2025-01-01T03:29:00,M1,63.45,OK
2025-01-01T03:30:00,M4,110.17,OK
2025-01-01T03:31:00,M5,90.96,ERROR
2025-01-01T03:32:00,M4,106.63,ERROR
2025-01-01T03:33:00,M4,107.17,WARN
2025-01-01T03:34:00,M2,109.06,ERROR
2025-01-01T03:35:00,M3,105.85,OK
2025-01-01T03:36:00,M4,88.49,WARN
2025-01-01T03:37:00,M1,70.85,ERROR
2025-01-01T03:38:00,M2,87.07,OK
2025-01-01T03:39:00,M3,82.85,WARN
2025-01-01T03:40:00,M2,67.24,WARN
2025-01-01T03:41:00,M1,93.1,ERROR
2025-01-01T03:42:00,M3,88.06,OK
2025-01-01T03:43:00,M5,112.61,OK
2025-01-01T03:44:00,M1,66.76,ERROR
2025-01-01T03:45:00,M2,74.58,WARN
2025-01-01T03:46:00,M1,106.46,ERROR
2025-01-01T03:47:00,M1,71.48,ERROR
2025-01-01T03:48:00,M5,69.91,WARN
2025-01-01T03:49:00,M5,110.09,OK
2025-01-01T03:50:00,M5,118.09,WARN
2025-01-01T03:51:00,M3,72.99,OK
2025-01-01T03:52:00,M2,115.69,WARN
2025-01-01T03:53:00,M5,84.23,OK
2025-01-01T03:54:00,M2,72.12,ERROR
2025-01-01T03:55:00,M1,100.79,ERROR
2025-01-01T03:56:00,M1,67.76,WARN
2025-01-01T03:57:00,M2,110.33,WARN
2025-01-01T03:58:00,M1,98.92,WARN
2025-01-01T03:59:00,M2,62.76,OK
2025-01-01T04:00:00,M5,110.81,OK
2025-01-01T04:01:00,M3,97.89,OK
2025-01-01T04:02:00,M4,96.8,ERROR
2025-01-01T04:03:00,M2,65.69,OK
2025-01-01T04:04:00,M1,115.26,WARN
2025-01-01T04:05:00,M5,78.94,WARN
2025-01-01T04:06:00,M4,72.86,ERROR
2025-01-01T04:07:00,M5,95.95,WARN
2025-01-01T04:08:00,M1,87.1,WARN
2025-01-01T04:09:00,M1,67.8,WARN
2025-01-01T04:10:00,M1,63.49,WARN
2025-01-01T04:11:00,M1,119.37,ERROR
2025-01-01T04:12:00,M2,86.61,ERROR
2025-01-01T04:13:00,M2,103.59,OK
2025-01-01T04:14:00,M2,117.42,ERROR
2025-01-01T04:15:00,M3,61.83,WARN
2025-01-01T04:16:00,M2,78.33,WARN
2025-01-01T04:17:00,M2,89.58,OK
2025-01-01T04:18:00,M3,115.19,WARN
2025-01-01T04:19:00,M5,95.99,ERROR
2025-01-01T04:20:00,M3,106.77,ERROR
2025-01-01T04:21:00,M1,115.42,WARN
2025-01-01T04:22:00,M5,81.99,OK
2025-01-01T04:23:00,M4,118.55,WARN
2025-01-01T04:24:00,M4,110.67,OK
2025-01-01T04:25:00,M3,104.28,OK
2025-01-01T04:26:00,M3,70.34,ERROR
2025-01-01T04:27:00,M1,95.2,OK
2025-01-01T04:28:00,M2,95.95,WARN
2025-01-01T04:29:00,M1,107.56,OK
2025-01-01T04:30:00,M3,69.52,OK
2025-01-01T04:31:00,M2,72.65,WARN
2025-01-01T04:32:00,M1,94.31,WARN
2025-01-01T04:33:00,M4,113.82,OK
2025-01-01T04:34:00,M2,72.65,OK
2025-01-01T04:35:00,M3,100.39,OK
2025-01-01T04:36:00,M2,100.53,ERROR
2025-01-01T04:37:00,M3,110.41,ERROR
2025-01-01T04:38:00,M5,117.42,ERROR
2025-01-01T04:39:00,M5,68.18,WARN
2025-01-01T04:40:00,M4,84.27,OK
2025-01-01T04:41:00,M3,103.8,ERROR
2025-01-01T04:42:00,M3,102.51,WARN
2025-01-01T04:43:00,M2,74.46,WARN
2025-01-01T04:44:00,M3,62.2,OK
2025-01-01T04:45:00,M3,98.16,OK
2025-01-01T04:46:00,M1,76.51,OK
2025-01-01T04:47:00,M2,101.06,WARN
2025-01-01T04:48:00,M5,76.55,OK
2025-01-01T04:49:00,M1,104.7,ERROR
2025-01-01T04:50:00,M1,69.64,WARN
2025-01-01T04:51:00,M3,69.6,OK
2025-01-01T04:52:00,M2,101.98,WARN
2025-01-01T04:53:00,M4,67.01,WARN
2025-01-01T04:54:00,M5,65.45,OK
2025-01-01T04:55:00,M3,63.06,WARN
2025-01-01T04:56:00,M5,87.12,ERROR
2025-01-01T04:57:00,M1,96.22,OK
2025-01-01T04:58:00,M3,97.22,ERROR
2025-01-01T04:59:00,M2,72.98,OK
2025-01-01T05:00:00,M4,80.08,ERROR
2025-01-01T05:01:00,M4,112.4,WARN
2025-01-01T05:02:00,M2,84.67,ERROR
2025-01-01T05:03:00,M3,95.06,OK
2025-01-01T05:04:00,M1,106.72,OK
2025-01-01T05:05:00,M3,85.4,WARN
2025-01-01T05:06:00,M3,73.78,OK
2025-01-01T05:07:00,M3,89.84,WARN
2025-01-01T05:08:00,M1,67.79,OK
2025-01-01T05:09:00,M2,105.74,WARN
2025-01-01T05:10:00,M2,82.03,OK
2025-01-01T05:11:00,M3,85.24,ERROR
2025-01-01T05:12:00,M3,109.03,OK
2025-01-01T05:13:00,M3,94.05,OK
2025-01-01T05:14:00,M5,83.89,ERROR
2025-01-01T05:15:00,M1,65.66,ERROR
2025-01-01T05:16:00,M3,111.56,OK
2025-01-01T05:17:00,M1,81.92,ERROR
2025-01-01T05:18:00,M1,107.45,OK
2025-01-01T05:19:00,M4,69.58,ERROR
2025-01-01T05:20:00,M2,119.28,OK
2025-01-01T05:21:00,M2,73.44,WARN
2025-01-01T05:22:00,M5,83.56,WARN
2025-01-01T05:23:00,M3,118.18,WARN
2025-01-01T05:24:00,M3,96.2,WARN
2025-01-01T05:25:00,M3,69.52,ERROR
2025-01-01T05:26:00,M5,69.97,OK
2025-01-01T05:27:00,M2,77.16,ERROR
2025-01-01T05:28:00,M4,112.12,ERROR
2025-01-01T05:29:00,M3,100.76,WARN
2025-01-01T05:30:00,M1,81.95,WARN
2025-01-01T05:31:00,M4,99.18,WARN
2025-01-01T05:32:00,M3,99.27,OK
2025-01-01T05:33:00,M1,111.29,WARN
2025-01-01T05:34:00,M3,76.69,WARN
2025-01-01T05:35:00,M2,71.94,OK
2025-01-01T05:36:00,M4,73.14,WARN
2025-01-01T05:37:00,M5,115.43,OK
2025-01-01T05:38:00,M3,65.49,ERROR
2025-01-01T05:39:00,M2,111.62,ERROR
2025-01-01T05:40:00,M3,72.9,WARN
2025-01-01T05:41:00,M1,103.17,OK
2025-01-01T05:42:00,M1,104.51,WARN
2025-01-01T05:43:00,M2,107.93,WARN
2025-01-01T05:44:00,M1,79.35,ERROR
2025-01-01T05:45:00,M5,72.34,WARN
2025-01-01T05:46:00,M1,106.06,ERROR
2025-01-01T05:47:00,M4,85.9,OK
2025-01-01T05:48:00,M1,87.54,ERROR
2025-01-01T05:49:00,M2,67.55,WARN
2025-01-01T05:50:00,M5,68.41,ERROR
2025-01-01T05:51:00,M4,79.46,WARN
2025-01-01T05:52:00,M1,63.95,WARN
2025-01-01T05:53:00,M4,100.52,WARN
2025-01-01T05:54:00,M1,72.91,WARN
2025-01-01T05:55:00,M1,75.35,OK
2025-01-01T05:56:00,M1,74.21,ERROR
2025-01-01T05:57:00,M2,86.08,WARN
2025-01-01T05:58:00,M4,116.59,ERROR
2025-01-01T05:59:00,M3,63.95,WARN
2025-01-01T06:00:00,M3,89.71,WARN
2025-01-01T06:01:00,M3,101.68,OK
2025-01-01T06:02:00,M2,76.22,OK
2025-01-01T06:03:00,M5,88.21,WARN
2025-01-01T06:04:00,M5,106.29,WARN
2025-01-01T06:05:00,M3,81.79,OK
2025-01-01T06:06:00,M5,85.36,WARN
2025-01-01T06:07:00,M3,112.45,OK
2025-01-01T06:08:00,M4,97.94,WARN
2025-01-01T06:09:00,M2,107.09,OK
2025-01-01T06:10:00,M4,60.66,OK
2025-01-01T06:11:00,M2,112.38,ERROR
2025-01-01T06:12:00,M5,118.19,OK
2025-01-01T06:13:00,M4,104.73,OK
2025-01-01T06:14:00,M5,71.78,ERROR
2025-01-01T06:15:00,M5,108.71,WARN
2025-01-01T06:16:00,M2,73.2,ERROR
2025-01-01T06:17:00,M4,96.41,OK
2025-01-01T06:18:00,M2,80.2,ERROR
2025-01-01T06:19:00,M4,112.07,ERROR
2025-01-01T06:20:00,M4,118.31,OK
2025-01-01T06:21:00,M1,98.62,ERROR
2025-01-01T06:22:00,M1,119.34,OK
2025-01-01T06:23:00,M1,70.87,ERROR
2025-01-01T06:24:00,M5,113.57,OK
2025-01-01T06:25:00,M1,78.32,ERROR
2025-01-01T06:26:00,M2,88.22,WARN
2025-01-01T06:27:00,M3,91.29,OK
2025-01-01T06:28:00,M5,104.86,WARN
2025-01-01T06:29:00,M1,118.02,WARN
2025-01-01T06:30:00,M2,74.15,OK
2025-01-01T06:31:00,M5,107.16,ERROR
2025-01-01T06:32:00,M2,82.57,OK
2025-01-01T06:33:00,M5,106.84,OK
2025-01-01T06:34:00,M4,83.43,OK
2025-01-01T06:35:00,M2,104.85,WARN
2025-01-01T06:36:00,M3,100.74,WARN
2025-01-01T06:37:00,M1,118.69,ERROR
2025-01-01T06:38:00,M1,115.55,OK
2025-01-01T06:39:00,M2,112.23,OK
2025-01-01T06:40:00,M1,119.71,OK
2025-01-01T06:41:00,M5,103.19,WARN
2025-01-01T06:42:00,M3,96.22,WARN
2025-01-01T06:43:00,M1,104.7,ERROR
2025-01-01T06:44:00,M5,108.85,WARN
2025-01-01T06:45:00,M5,68.29,WARN
2025-01-01T06:46:00,M2,108.89,ERROR
2025-01-01T06:47:00,M4,110.19,ERROR
2025-01-01T06:48:00,M4,74.23,WARN
2025-01-01T06:49:00,M3,70.57,ERROR
2025-01-01T06:50:00,M1,84.92,ERROR
2025-01-01T06:51:00,M4,97.04,ERROR
2025-01-01T06:52:00,M3,85.8,WARN
2025-01-01T06:53:00,M1,73.33,OK
2025-01-01T06:54:00,M5,91.73,OK
2025-01-01T06:55:00,M2,73.1,ERROR
2025-01-01T06:56:00,M1,94.25,WARN
2025-01-01T06:57:00,M3,110.96,ERROR
2025-01-01T06:58:00,M3,62.45,OK
2025-01-01T06:59:00,M5,71.63,OK
2025-01-01T07:00:00,M2,84.84,OK
2025-01-01T07:01:00,M5,69.92,OK
2025-01-01T07:02:00,M5,71.96,OK
2025-01-01T07:03:00,M5,109.34,ERROR
2025-01-01T07:04:00,M4,110.6,ERROR
2025-01-01T07:05:00,M4,74.35,WARN
2025-01-01T07:06:00,M1,77.74,OK
2025-01-01T07:07:00,M4,104.15,OK
2025-01-01T07:08:00,M2,78.56,WARN
2025-01-01T07:09:00,M5,100.32,WARN
2025-01-01T07:10:00,M2,84.74,OK
2025-01-01T07:11:00,M5,85.77,ERROR
2025-01-01T07:12:00,M1,80.68,OK
2025-01-01T07:13:00,M1,84.91,OK
2025-01-01T07:14:00,M3,68.7,OK
2025-01-01T07:15:00,M4,109.98,OK
2025-01-01T07:16:00,M4,98.07,WARN
2025-01-01T07:17:00,M3,108.03,ERROR
2025-01-01T07:18:00,M3,112.78,WARN
2025-01-01T07:19:00,M1,104.61,ERROR
2025-01-01T07:20:00,M4,96.72,ERROR
2025-01-01T07:21:00,M4,115.6,WARN
2025-01-01T07:22:00,M1,86.53,ERROR
2025-01-01T07:23:00,M5,115.35,OK
2025-01-01T07:24:00,M5,81.95,OK
2025-01-01T07:25:00,M5,107.45,WARN
2025-01-01T07:26:00,M2,73.82,WARN
2025-01-01T07:27:00,M2,115.55,WARN
2025-01-01T07:28:00,M4,77.88,ERROR
2025-01-01T07:29:00,M3,84.84,OK
2025-01-01T07:30:00,M1,113.02,OK
2025-01-01T07:31:00,M3,92.94,WARN
2025-01-01T07:32:00,M4,92.02,OK
2025-01-01T07:33:00,M3,112.42,ERROR
2025-01-01T07:34:00,M4,77.49,OK
2025-01-01T07:35:00,M4,72.92,WARN
2025-01-01T07:36:00,M3,99.23,ERROR
2025-01-01T07:37:00,M2,108.62,OK
2025-01-01T07:38:00,M4,81.39,WARN
2025-01-01T07:39:00,M1,100.52,OK
2025-01-01T07:40:00,M1,109.96,ERROR
2025-01-01T07:41:00,M4,81.75,OK
2025-01-01T07:42:00,M5,61.49,ERROR
2025-01-01T07:43:00,M5,63.08,WARN
2025-01-01T07:44:00,M5,67.18,ERROR
2025-01-01T07:45:00,M4,98.13,OK
2025-01-01T07:46:00,M5,93.46,ERROR
2025-01-01T07:47:00,M1,66.06,ERROR
2025-01-01T07:48:00,M2,89.86,WARN
2025-01-01T07:49:00,M5,117.23,OK
2025-01-01T07:50:00,M4,61.31,OK
2025-01-01T07:51:00,M4,115.1,OK
2025-01-01T07:52:00,M4,110.01,ERROR
2025-01-01T07:53:00,M2,62.69,WARN
2025-01-01T07:54:00,M4,118.71,WARN
2025-01-01T07:55:00,M5,94.33,OK
2025-01-01T07:56:00,M3,106.76,WARN
2025-01-01T07:57:00,M1,117.3,WARN
2025-01-01T07:58:00,M3,78.2,OK
2025-01-01T07:59:00,M3,76.32,WARN
2025-01-01T08:00:00,M3,93.59,ERROR
2025-01-01T08:01:00,M2,84.79,WARN
2025-01-01T08:02:00,M1,107.88,ERROR
2025-01-01T08:03:00,M3,100.65,WARN
2025-01-01T08:04:00,M5,117.22,WARN
2025-01-01T08:05:00,M5,81.06,OK
2025-01-01T08:06:00,M2,66.99,WARN
2025-01-01T08:07:00,M3,63.25,ERROR
2025-01-01T08:08:00,M3,106.63,WARN
2025-01-01T08:09:00,M2,102.03,WARN
2025-01-01T08:10:00,M3,72.35,WARN
2025-01-01T08:11:00,M5,96.02,ERROR
2025-01-01T08:12:00,M4,83.6,OK
2025-01-01T08:13:00,M4,119.92,OK
2025-01-01T08:14:00,M3,88.08,WARN
2025-01-01T08:15:00,M2,95.05,OK
2025-01-01T08:16:00,M5,112.4,ERROR
2025-01-01T08:17:00,M5,77.65,ERROR
2025-01-01T08:18:00,M5,96.37,WARN
2025-01-01T08:19:00,M5,119.0,OK
2025-01-01T08:20:00,M3,115.64,WARN
2025-01-01T08:21:00,M2,96.08,ERROR
2025-01-01T08:22:00,M2,116.15,WARN
2025-01-01T08:23:00,M2,70.32,ERROR
2025-01-01T08:24:00,M3,69.59,WARN
2025-01-01T08:25:00,M4,90.75,ERROR
2025-01-01T08:26:00,M4,77.68,OK
2025-01-01T08:27:00,M5,82.99,OK
2025-01-01T08:28:00,M3,74.72,OK
2025-01-01T08:29:00,M3,84.31,ERROR
2025-01-01T08:30:00,M2,81.96,ERROR
2025-01-01T08:31:00,M2,115.87,WARN
2025-01-01T08:32:00,M3,70.68,WARN
2025-01-01T08:33:00,M5,115.14,ERROR
2025-01-01T08:34:00,M2,88.47,OK
2025-01-01T08:35:00,M1,101.78,WARN
2025-01-01T08:36:00,M5,67.09,ERROR
2025-01-01T08:37:00,M3,99.5,OK
2025-01-01T08:38:00,M2,102.35,OK
2025-01-01T08:39:00,M2,80.91,WARN
2025-01-01T08:40:00,M1,94.66,ERROR
2025-01-01T08:41:00,M4,115.17,OK
2025-01-01T08:42:00,M4,65.81,WARN
2025-01-01T08:43:00,M4,90.21,ERROR
2025-01-01T08:44:00,M3,114.41,ERROR
2025-01-01T08:45:00,M3,64.73,OK
2025-01-01T08:46:00,M1,119.05,WARN
2025-01-01T08:47:00,M2,82.84,WARN
2025-01-01T08:48:00,M4,108.55,OK
2025-01-01T08:49:00,M4,63.46,ERROR
2025-01-01T08:50:00,M1,83.92,ERROR
2025-01-01T08:51:00,M2,114.37,ERROR
2025-01-01T08:52:00,M3,109.23,WARN
2025-01-01T08:53:00,M4,112.93,ERROR
2025-01-01T08:54:00,M5,91.67,OK
2025-01-01T08:55:00,M2,74.82,ERROR
2025-01-01T08:56:00,M4,82.48,OK
2025-01-01T08:57:00,M3,88.15,OK
2025-01-01T08:58:00,M2,92.47,OK
2025-01-01T08:59:00,M2,69.2,OK
2025-01-01T09:00:00,M4,105.15,ERROR
2025-01-01T09:01:00,M2,67.32,OK
2025-01-01T09:02:00,M2,72.8,WARN
2025-01-01T09:03:00,M5,86.5,WARN
2025-01-01T09:04:00,M1,60.1,WARN
2025-01-01T09:05:00,M5,61.1,WARN
2025-01-01T09:06:00,M5,87.16,OK
2025-01-01T09:07:00,M1,88.19,WARN
2025-01-01T09:08:00,M2,93.15,ERROR
2025-01-01T09:09:00,M2,75.18,WARN
2025-01-01T09:10:00,M3,98.13,ERROR
2025-01-01T09:11:00,M3,72.95,ERROR
2025-01-01T09:12:00,M4,79.06,ERROR
2025-01-01T09:13:00,M1,96.99,WARN
2025-01-01T09:14:00,M5,110.65,ERROR
2025-01-01T09:15:00,M1,117.86,ERROR
2025-01-01T09:16:00,M2,82.95,WARN
2025-01-01T09:17:00,M1,95.26,OK
2025-01-01T09:18:00,M5,96.02,ERROR
2025-01-01T09:19:00,M4,60.58,OK
2025-01-01T09:20:00,M2,115.69,WARN
2025-01-01T09:21:00,M4,78.68,ERROR
2025-01-01T09:22:00,M4,69.44,ERROR
2025-01-01T09:23:00,M3,94.63,ERROR
2025-01-01T09:24:00,M2,116.58,ERROR
2025-01-01T09:25:00,M4,91.93,ERROR
2025-01-01T09:26:00,M2,114.99,ERROR
2025-01-01T09:27:00,M4,108.13,ERROR
2025-01-01T09:28:00,M3,73.38,ERROR
2025-01-01T09:29:00,M5,104.38,ERROR
2025-01-01T09:30:00,M5,77.81,ERROR
2025-01-01T09:31:00,M5,61.41,OK
2025-01-01T09:32:00,M1,98.31,WARN
2025-01-01T09:33:00,M5,119.98,ERROR
2025-01-01T09:34:00,M1,74.15,OK
2025-01-01T09:35:00,M2,87.44,WARN
2025-01-01T09:36:00,M5,70.34,WARN
2025-01-01T09:37:00,M2,65.69,ERROR
2025-01-01T09:38:00,M4,72.21,OK
2025-01-01T09:39:00,M1,61.64,ERROR
2025-01-01T09:40:00,M4,66.12,OK
2025-01-01T09:41:00,M3,63.69,OK
2025-01-01T09:42:00,M2,84.62,OK
2025-01-01T09:43:00,M4,67.72,WARN
2025-01-01T09:44:00,M2,61.59,WARN
2025-01-01T09:45:00,M2,80.97,OK
2025-01-01T09:46:00,M5,83.97,OK
2025-01-01T09:47:00,M3,96.13,WARN
2025-01-01T09:48:00,M1,84.94,WARN
2025-01-01T09:49:00,M5,94.36,ERROR
2025-01-01T09:50:00,M1,68.21,ERROR
2025-01-01T09:51:00,M1,93.31,ERROR
2025-01-01T09:52:00,M2,70.59,WARN
2025-01-01T09:53:00,M2,101.26,WARN
2025-01-01T09:54:00,M4,67.89,OK
2025-01-01T09:55:00,M1,93.46,OK
2025-01-01T09:56:00,M5,83.57,ERROR
2025-01-01T09:57:00,M2,109.66,ERROR
2025-01-01T09:58:00,M3,80.65,ERROR
2025-01-01T09:59:00,M4,72.88,ERROR
2025-01-01T10:00:00,M1,81.51,OK
2025-01-01T10:01:00,M5,87.76,ERROR
2025-01-01T10:02:00,M4,63.9,WARN
2025-01-01T10:03:00,M2,105.97,ERROR
2025-01-01T10:04:00,M1,84.05,OK
2025-01-01T10:05:00,M4,96.48,ERROR
2025-01-01T10:06:00,M2,97.96,OK
2025-01-01T10:07:00,M1,93.79,ERROR
2025-01-01T10:08:00,M4,88.01,WARN
2025-01-01T10:09:00,M3,102.82,ERROR
2025-01-01T10:10:00,M4,111.04,OK
2025-01-01T10:11:00,M5,119.64,OK
2025-01-01T10:12:00,M3,101.32,WARN
2025-01-01T10:13:00,M5,86.15,ERROR
2025-01-01T10:14:00,M3,97.27,ERROR
2025-01-01T10:15:00,M4,85.06,WARN
2025-01-01T10:16:00,M2,96.39,WARN
2025-01-01T10:17:00,M4,61.72,WARN
2025-01-01T10:18:00,M3,75.88,OK
2025-01-01T10:19:00,M1,88.41,OK
2025-01-01T10:20:00,M1,71.55,ERROR
2025-01-01T10:21:00,M2,99.06,WARN
2025-01-01T10:22:00,M3,86.89,ERROR
2025-01-01T10:23:00,M4,107.74,OK
2025-01-01T10:24:00,M2,94.19,WARN
2025-01-01T10:25:00,M1,117.72,ERROR
2025-01-01T10:26:00,M3,76.41,ERROR
2025-01-01T10:27:00,M5,63.92,ERROR
2025-01-01T10:28:00,M2,106.74,ERROR
2025-01-01T10:29:00,M1,104.36,ERROR
2025-01-01T10:30:00,M5,95.97,ERROR
2025-01-01T10:31:00,M4,116.14,OK
2025-01-01T10:32:00,M1,79.42,OK
2025-01-01T10:33:00,M2,113.55,OK
2025-01-01T10:34:00,M2,82.02,OK
2025-01-01T10:35:00,M2,93.53,ERROR
2025-01-01T10:36:00,M3,107.95,WARN
2025-01-01T10:37:00,M1,109.36,OK
2025-01-01T10:38:00,M1,92.66,WARN
2025-01-01T10:39:00,M3,82.82,OK
2025-01-01T10:40:00,M2,113.91,ERROR
2025-01-01T10:41:00,M2,111.63,OK
2025-01-01T10:42:00,M1,72.57,WARN
2025-01-01T10:43:00,M1,80.21,ERROR
2025-01-01T10:44:00,M5,110.02,WARN
2025-01-01T10:45:00,M5,60.86,ERROR
2025-01-01T10:46:00,M3,85.41,WARN
2025-01-01T10:47:00,M5,80.71,ERROR
2025-01-01T10:48:00,M3,106.96,ERROR
2025-01-01T10:49:00,M5,96.56,WARN
2025-01-01T10:50:00,M5,62.16,OK
2025-01-01T10:51:00,M2,108.61,OK
2025-01-01T10:52:00,M4,83.3,ERROR
2025-01-01T10:53:00,M4,93.24,ERROR
2025-01-01T10:54:00,M3,80.82,ERROR
2025-01-01T10:55:00,M4,70.28,OK
2025-01-01T10:56:00,M4,71.97,ERROR
2025-01-01T10:57:00,M5,76.85,OK
2025-01-01T10:58:00,M1,75.96,OK
2025-01-01T10:59:00,M3,70.74,ERROR
2025-01-01T11:00:00,M2,68.52,WARN
2025-01-01T11:01:00,M4,76.51,ERROR
2025-01-01T11:02:00,M5,95.79,WARN
2025-01-01T11:03:00,M4,94.44,ERROR
2025-01-01T11:04:00,M1,71.01,ERROR
2025-01-01T11:05:00,M1,84.97,ERROR
2025-01-01T11:06:00,M1,100.79,OK
2025-01-01T11:07:00,M3,69.87,OK
2025-01-01T11:08:00,M1,69.02,WARN
2025-01-01T11:09:00,M2,65.82,WARN
2025-01-01T11:10:00,M5,86.79,ERROR
2025-01-01T11:11:00,M1,70.83,WARN
2025-01-01T11:12:00,M1,69.35,ERROR
2025-01-01T11:13:00,M5,106.13,WARN
2025-01-01T11:14:00,M1,60.53,ERROR
2025-01-01T11:15:00,M1,85.42,ERROR
2025-01-01T11:16:00,M5,92.28,ERROR
2025-01-01T11:17:00,M5,64.1,WARN
2025-01-01T11:18:00,M2,104.2,ERROR
2025-01-01T11:19:00,M3,68.83,ERROR
2025-01-01T11:20:00,M1,78.79,OK
2025-01-01T11:21:00,M3,96.29,WARN
2025-01-01T11:22:00,M1,63.5,ERROR
2025-01-01T11:23:00,M1,90.12,WARN
2025-01-01T11:24:00,M5,67.72,OK
2025-01-01T11:25:00,M1,91.63,WARN
2025-01-01T11:26:00,M5,113.95,OK
2025-01-01T11:27:00,M2,89.27,WARN
2025-01-01T11:28:00,M3,62.99,OK
2025-01-01T11:29:00,M3,63.32,OK
2025-01-01T11:30:00,M4,80.31,WARN
2025-01-01T11:31:00,M3,67.83,OK
2025-01-01T11:32:00,M1,63.44,ERROR
2025-01-01T11:33:00,M3,64.29,OK
2025-01-01T11:34:00,M2,93.88,OK
2025-01-01T11:35:00,M2,61.37,ERROR
2025-01-01T11:36:00,M4,72.8,WARN
2025-01-01T11:37:00,M4,90.43,WARN
2025-01-01T11:38:00,M2,112.1,ERROR
2025-01-01T11:39:00,M1,76.7,OK
2025-01-01T11:40:00,M2,100.4,OK
2025-01-01T11:41:00,M2,64.88,ERROR
2025-01-01T11:42:00,M1,72.93,ERROR
2025-01-01T11:43:00,M1,66.93,ERROR
2025-01-01T11:44:00,M2,71.8,OK
2025-01-01T11:45:00,M5,88.15,WARN
2025-01-01T11:46:00,M1,67.82,OK
2025-01-01T11:47:00,M4,99.54,WARN
2025-01-01T11:48:00,M3,116.71,ERROR
2025-01-01T11:49:00,M5,68.13,WARN
2025-01-01T11:50:00,M4,108.08,OK
2025-01-01T11:51:00,M1,114.93,WARN
2025-01-01T11:52:00,M5,110.27,WARN
2025-01-01T11:53:00,M1,96.1,WARN
2025-01-01T11:54:00,M3,84.37,WARN
2025-01-01T11:55:00,M2,68.62,ERROR
2025-01-01T11:56:00,M1,104.56,OK
2025-01-01T11:57:00,M2,78.2,WARN
2025-01-01T11:58:00,M5,97.15,WARN
2025-01-01T11:59:00,M2,113.23,WARN
2025-01-01T12:00:00,M5,111.77,ERROR
2025-01-01T12:01:00,M5,98.82,WARN
2025-01-01T12:02:00,M2,68.3,ERROR
2025-01-01T12:03:00,M4,103.7,ERROR
2025-01-01T12:04:00,M4,64.03,WARN
2025-01-01T12:05:00,M3,62.81,OK
2025-01-01T12:06:00,M1,91.92,ERROR
2025-01-01T12:07:00,M1,61.66,ERROR
2025-01-01T12:08:00,M2,118.67,ERROR
2025-01-01T12:09:00,M2,108.0,WARN
2025-01-01T12:10:00,M3,92.27,ERROR
2025-01-01T12:11:00,M2,82.1,WARN
2025-01-01T12:12:00,M1,105.08,ERROR
2025-01-01T12:13:00,M2,117.73,ERROR
2025-01-01T12:14:00,M4,75.21,OK
2025-01-01T12:15:00,M2,85.56,WARN
2025-01-01T12:16:00,M3,67.31,OK
2025-01-01T12:17:00,M2,75.39,WARN
2025-01-01T12:18:00,M2,94.8,OK
2025-01-01T12:19:00,M1,89.7,OK
2025-01-01T12:20:00,M1,101.31,OK
2025-01-01T12:21:00,M3,80.26,ERROR
2025-01-01T12:22:00,M1,90.55,ERROR
2025-01-01T12:23:00,M2,61.87,ERROR
2025-01-01T12:24:00,M1,68.94,OK
2025-01-01T12:25:00,M3,80.59,OK
2025-01-01T12:26:00,M3,63.58,WARN
2025-01-01T12:27:00,M3,105.58,WARN
2025-01-01T12:28:00,M5,95.28,WARN
2025-01-01T12:29:00,M1,85.57,ERROR
2025-01-01T12:30:00,M4,109.75,WARN
2025-01-01T12:31:00,M2,99.07,WARN
2025-01-01T12:32:00,M2,109.52,OK
2025-01-01T12:33:00,M4,68.52,WARN
2025-01-01T12:34:00,M4,77.16,WARN
2025-01-01T12:35:00,M3,61.54,WARN
2025-01-01T12:36:00,M5,103.41,WARN
2025-01-01T12:37:00,M5,68.65,WARN
2025-01-01T12:38:00,M5,103.09,WARN
2025-01-01T12:39:00,M2,116.79,ERROR
2025-01-01T12:40:00,M2,64.29,ERROR
2025-01-01T12:41:00,M1,98.6,WARN
2025-01-01T12:42:00,M3,86.22,OK
2025-01-01T12:43:00,M1,113.79,OK
2025-01-01T12:44:00,M3,101.26,WARN
2025-01-01T12:45:00,M1,116.45,WARN
2025-01-01T12:46:00,M1,77.79,ERROR
2025-01-01T12:47:00,M5,92.02,OK
2025-01-01T12:48:00,M4,115.68,OK
2025-01-01T12:49:00,M2,98.28,WARN
2025-01-01T12:50:00,M2,97.81,WARN
2025-01-01T12:51:00,M1,109.41,OK
2025-01-01T12:52:00,M5,82.22,WARN
2025-01-01T12:53:00,M2,90.15,ERROR
2025-01-01T12:54:00,M4,105.6,OK
2025-01-01T12:55:00,M3,81.23,ERROR
2025-01-01T12:56:00,M4,94.18,OK
2025-01-01T12:57:00,M1,72.69,ERROR
2025-01-01T12:58:00,M3,107.47,WARN
2025-01-01T12:59:00,M2,117.28,OK
2025-01-01T13:00:00,M1,60.71,OK
2025-01-01T13:01:00,M3,85.32,ERROR
2025-01-01T13:02:00,M4,113.55,WARN
2025-01-01T13:03:00,M2,116.69,OK
2025-01-01T13:04:00,M4,85.52,ERROR
2025-01-01T13:05:00,M3,89.95,OK
2025-01-01T13:06:00,M1,93.63,OK
2025-01-01T13:07:00,M3,71.57,WARN
2025-01-01T13:08:00,M5,90.88,OK
2025-01-01T13:09:00,M2,82.64,ERROR
2025-01-01T13:10:00,M1,95.34,ERROR
2025-01-01T13:11:00,M3,78.72,WARN
2025-01-01T13:12:00,M2,104.0,WARN
2025-01-01T13:13:00,M3,118.44,ERROR
2025-01-01T13:14:00,M4,110.34,OK
2025-01-01T13:15:00,M2,91.8,OK
2025-01-01T13:16:00,M2,77.83,OK
2025-01-01T13:17:00,M3,95.6,OK
2025-01-01T13:18:00,M4,78.9,OK
2025-01-01T13:19:00,M5,61.51,WARN
2025-01-01T13:20:00,M4,116.57,ERROR
2025-01-01T13:21:00,M5,79.66,WARN
2025-01-01T13:22:00,M1,65.45,WARN
2025-01-01T13:23:00,M3,88.49,WARN
2025-01-01T13:24:00,M5,112.87,WARN
2025-01-01T13:25:00,M1,70.37,ERROR
2025-01-01T13:26:00,M2,93.36,WARN
2025-01-01T13:27:00,M1,87.72,WARN
2025-01-01T13:28:00,M2,73.15,OK
2025-01-01T13:29:00,M5,106.71,WARN
2025-01-01T13:30:00,M2,76.19,ERROR
2025-01-01T13:31:00,M4,98.74,OK
2025-01-01T13:32:00,M1,65.85,OK
2025-01-01T13:33:00,M1,72.2,OK
2025-01-01T13:34:00,M1,82.05,OK
2025-01-01T13:35:00,M1,113.94,ERROR
2025-01-01T13:36:00,M4,63.33,ERROR
2025-01-01T13:37:00,M3,81.7,OK
2025-01-01T13:38:00,M5,93.15,WARN
2025-01-01T13:39:00,M1,114.41,ERROR
2025-01-01T13:40:00,M2,89.83,WARN
2025-01-01T13:41:00,M2,106.72,WARN
2025-01-01T13:42:00,M3,82.76,OK
2025-01-01T13:43:00,M3,114.42,ERROR
2025-01-01T13:44:00,M5,87.35,WARN
2025-01-01T13:45:00,M3,74.28,ERROR
2025-01-01T13:46:00,M3,88.1,OK
2025-01-01T13:47:00,M2,65.19,WARN
2025-01-01T13:48:00,M1,116.32,OK
2025-01-01T13:49:00,M2,65.13,WARN
2025-01-01T13:50:00,M4,111.38,OK
2025-01-01T13:51:00,M5,115.75,ERROR
2025-01-01T13:52:00,M4,70.31,ERROR
2025-01-01T13:53:00,M4,71.93,OK
2025-01-01T13:54:00,M2,77.03,OK
2025-01-01T13:55:00,M2,92.18,ERROR
2025-01-01T13:56:00,M4,99.79,OK
2025-01-01T13:57:00,M4,75.32,WARN
2025-01-01T13:58:00,M5,79.44,ERROR
2025-01-01T13:59:00,M1,67.46,OK
2025-01-01T14:00:00,M1,100.81,WARN
2025-01-01T14:01:00,M2,93.39,WARN
2025-01-01T14:02:00,M3,109.73,WARN
2025-01-01T14:03:00,M2,113.22,ERROR
2025-01-01T14:04:00,M4,104.3,WARN
2025-01-01T14:05:00,M1,117.08,ERROR
2025-01-01T14:06:00,M1,94.41,OK
2025-01-01T14:07:00,M1,89.76,ERROR
2025-01-01T14:08:00,M3,88.29,ERROR
2025-01-01T14:09:00,M3,71.7,ERROR
2025-01-01T14:10:00,M3,92.81,ERROR
2025-01-01T14:11:00,M5,110.84,ERROR
2025-01-01T14:12:00,M2,82.16,OK
2025-01-01T14:13:00,M2,60.37,ERROR
2025-01-01T14:14:00,M4,114.96,OK
2025-01-01T14:15:00,M4,67.66,WARN
2025-01-01T14:16:00,M3,80.61,ERROR
2025-01-01T14:17:00,M2,118.32,ERROR
2025-01-01T14:18:00,M4,91.18,ERROR
2025-01-01T14:19:00,M5,89.52,ERROR
2025-01-01T14:20:00,M2,108.43,ERROR
2025-01-01T14:21:00,M4,93.4,WARN
2025-01-01T14:22:00,M4,97.64,ERROR
2025-01-01T14:23:00,M4,118.47,WARN
2025-01-01T14:24:00,M3,111.08,ERROR
2025-01-01T14:25:00,M3,73.37,ERROR
2025-01-01T14:26:00,M1,88.53,ERROR
2025-01-01T14:27:00,M1,80.54,WARN
2025-01-01T14:28:00,M4,110.09,WARN
2025-01-01T14:29:00,M1,84.78,OK
2025-01-01T14:30:00,M1,101.45,OK
2025-01-01T14:31:00,M5,86.56,WARN
2025-01-01T14:32:00,M4,69.9,WARN
2025-01-01T14:33:00,M3,81.19,ERROR
2025-01-01T14:34:00,M5,97.1,WARN
2025-01-01T14:35:00,M4,64.95,WARN
2025-01-01T14:36:00,M2,95.47,OK
2025-01-01T14:37:00,M5,117.44,ERROR
2025-01-01T14:38:00,M3,102.65,OK
2025-01-01T14:39:00,M4,84.74,WARN
2025-01-01T14:40:00,M1,97.22,WARN
2025-01-01T14:41:00,M3,108.8,OK
2025-01-01T14:42:00,M4,80.61,ERROR
2025-01-01T14:43:00,M3,109.65,WARN
2025-01-01T14:44:00,M2,114.27,WARN
2025-01-01T14:45:00,M3,77.1,WARN
2025-01-01T14:46:00,M5,107.87,WARN
2025-01-01T14:47:00,M3,111.61,WARN
2025-01-01T14:48:00,M1,86.62,OK
2025-01-01T14:49:00,M3,72.47,OK
2025-01-01T14:50:00,M1,106.08,OK
2025-01-01T14:51:00,M5,88.64,OK
2025-01-01T14:52:00,M4,99.26,OK
2025-01-01T14:53:00,M4,95.66,WARN
2025-01-01T14:54:00,M5,118.37,ERROR
2025-01-01T14:55:00,M1,98.02,WARN
2025-01-01T14:56:00,M1,66.74,OK
2025-01-01T14:57:00,M1,111.29,WARN
2025-01-01T14:58:00,M3,100.63,WARN
2025-01-01T14:59:00,M3,76.68,OK
2025-01-01T15:00:00,M5,117.84,ERROR
2025-01-01T15:01:00,M4,112.5,ERROR
2025-01-01T15:02:00,M2,74.47,OK
2025-01-01T15:03:00,M2,96.17,WARN
2025-01-01T15:04:00,M4,97.99,ERROR
2025-01-01T15:05:00,M5,66.63,WARN
2025-01-01T15:06:00,M5,83.8,OK
2025-01-01T15:07:00,M2,113.29,ERROR
2025-01-01T15:08:00,M5,92.81,ERROR
2025-01-01T15:09:00,M3,67.04,OK
2025-01-01T15:10:00,M2,78.54,WARN
2025-01-01T15:11:00,M5,106.54,ERROR
2025-01-01T15:12:00,M3,96.69,ERROR
2025-01-01T15:13:00,M3,80.13,OK
2025-01-01T15:14:00,M1,91.54,OK
2025-01-01T15:15:00,M4,92.95,WARN
2025-01-01T15:16:00,M5,92.02,WARN
2025-01-01T15:17:00,M1,62.53,WARN
2025-01-01T15:18:00,M5,97.43,WARN
2025-01-01T15:19:00,M5,85.07,ERROR
2025-01-01T15:20:00,M5,108.41,WARN
2025-01-01T15:21:00,M5,95.34,WARN
2025-01-01T15:22:00,M3,60.79,WARN
2025-01-01T15:23:00,M5,74.02,OK
2025-01-01T15:24:00,M2,67.96,ERROR
2025-01-01T15:25:00,M3,80.92,OK
2025-01-01T15:26:00,M1,67.76,ERROR
2025-01-01T15:27:00,M3,101.18,OK
2025-01-01T15:28:00,M3,119.9,ERROR
2025-01-01T15:29:00,M4,101.65,OK
2025-01-01T15:30:00,M4,104.22,OK
2025-01-01T15:31:00,M3,68.5,WARN
2025-01-01T15:32:00,M2,79.21,ERROR
2025-01-01T15:33:00,M2,100.01,ERROR
2025-01-01T15:34:00,M5,69.46,ERROR
2025-01-01T15:35:00,M5,82.67,WARN
2025-01-01T15:36:00,M2,96.32,OK
2025-01-01T15:37:00,M2,77.0,OK
2025-01-01T15:38:00,M4,108.57,ERROR
2025-01-01T15:39:00,M3,78.86,WARN
2025-01-01T15:40:00,M3,79.98,ERROR
2025-01-01T15:41:00,M3,89.31,WARN
2025-01-01T15:42:00,M3,68.84,WARN
2025-01-01T15:43:00,M2,105.73,OK
2025-01-01T15:44:00,M1,119.95,OK
2025-01-01T15:45:00,M4,68.55,WARN
2025-01-01T15:46:00,M5,89.15,ERROR
2025-01-01T15:47:00,M3,89.07,ERROR
2025-01-01T15:48:00,M3,74.9,ERROR
2025-01-01T15:49:00,M1,105.94,ERROR
2025-01-01T15:50:00,M1,75.67,WARN
2025-01-01T15:51:00,M2,83.0,WARN
2025-01-01T15:52:00,M1,60.55,ERROR
2025-01-01T15:53:00,M2,72.72,OK
2025-01-01T15:54:00,M4,62.91,ERROR
2025-01-01T15:55:00,M2,105.04,WARN
2025-01-01T15:56:00,M1,82.41,WARN
2025-01-01T15:57:00,M2,86.53,WARN
2025-01-01T15:58:00,M2,108.64,ERROR
2025-01-01T15:59:00,M3,60.67,OK
2025-01-01T16:00:00,M2,100.4,WARN
2025-01-01T16:01:00,M1,115.85,ERROR
2025-01-01T16:02:00,M1,113.17,WARN
2025-01-01T16:03:00,M5,78.87,OK
2025-01-01T16:04:00,M3,60.98,OK
2025-01-01T16:05:00,M2,117.21,ERROR
2025-01-01T16:06:00,M3,111.09,WARN
2025-01-01T16:07:00,M4,100.21,ERROR
2025-01-01T16:08:00,M5,68.21,WARN
2025-01-01T16:09:00,M1,64.64,ERROR
2025-01-01T16:10:00,M5,106.38,ERROR
2025-01-01T16:11:00,M5,76.16,OK
2025-01-01T16:12:00,M2,75.52,OK
2025-01-01T16:13:00,M4,115.36,ERROR
2025-01-01T16:14:00,M4,75.8,WARN
2025-01-01T16:15:00,M1,73.59,ERROR
2025-01-01T16:16:00,M5,109.86,OK
2025-01-01T16:17:00,M5,93.12,OK
2025-01-01T16:18:00,M3,82.3,ERROR
2025-01-01T16:19:00,M2,73.91,OK
2025-01-01T16:20:00,M2,105.72,OK
2025-01-01T16:21:00,M2,119.11,OK
2025-01-01T16:22:00,M5,96.34,ERROR
2025-01-01T16:23:00,M5,69.97,OK
2025-01-01T16:24:00,M1,108.77,OK
2025-01-01T16:25:00,M3,87.58,ERROR
2025-01-01T16:26:00,M2,86.5,OK
2025-01-01T16:27:00,M2,63.6,ERROR
2025-01-01T16:28:00,M2,119.11,WARN
2025-01-01T16:29:00,M4,110.84,WARN
2025-01-01T16:30:00,M2,69.62,WARN
2025-01-01T16:31:00,M2,82.23,ERROR
2025-01-01T16:32:00,M2,60.63,OK
2025-01-01T16:33:00,M3,94.16,WARN
2025-01-01T16:34:00,M4,106.5,ERROR
2025-01-01T16:35:00,M5,80.26,WARN
2025-01-01T16:36:00,M1,98.18,WARN
2025-01-01T16:37:00,M4,112.69,ERROR
2025-01-01T16:38:00,M4,67.48,OK
2025-01-01T16:39:00,M3,78.04,OK
