timestamp,machine,temperature,status
2025-01-01T00:00:00,M4,78.26,ERROR
2025-01-01T00:01:00,M5,68.77,ERROR
2025-01-01T00:02:00,M1,86.79,ERROR
2025-01-01T00:03:00,M2,117.98,WARN
2025-01-01T00:04:00,M1,86.75,WARN
2025-01-01T00:05:00,M4,68.32,ERROR
2025-01-01T00:06:00,M1,122.08,WARN
2025-01-01T00:07:00,M2,88.43,ERROR
2025-01-01T00:08:00,M4,96.9,WARN
2025-01-01T00:09:00,M5,71.38,WARN
2025-01-01T00:10:00,M2,77.76,WARN
2025-01-01T00:11:00,M4,82.4,ERROR
2025-01-01T00:12:00,M4,66.16,ERROR
2025-01-01T00:13:00,M2,60.74,ERROR
2025-01-01T00:14:00,M4,107.55,ERROR
2025-01-01T00:15:00,M1,79.63,ERROR
2025-01-01T00:16:00,M1,97.41,OK
2025-01-01T00:17:00,M1,61.19,ERROR
2025-01-01T00:18:00,M3,93.83,ERROR
2025-01-01T00:19:00,M6,93.5,OK
2025-01-01T00:20:00,M2,91.92,OK
2025-01-01T00:21:00,M1,90.14,ERROR
2025-01-01T00:22:00,M4,110.18,ERROR
2025-01-01T00:23:00,M5,113.86,ERROR
2025-01-01T00:24:00,M1,83.49,ERROR
2025-01-01T00:25:00,M4,73.84,ERROR
2025-01-01T00:26:00,M3,77.06,ERROR
2025-01-01T00:27:00,M5,65.44,ERROR
2025-01-01T00:28:00,M6,99.07,ERROR
2025-01-01T00:29:00,M6,86.58,ERROR
2025-01-01T00:30:00,M3,104.8,OK
2025-01-01T00:31:00,M2,67.63,WARN
2025-01-01T00:32:00,M3,111.04,OK
2025-01-01T00:33:00,M4,65.37,ERROR
2025-01-01T00:34:00,M3,123.91,WARN
2025-01-01T00:35:00,M3,84.16,ERROR
2025-01-01T00:36:00,M1,56.7,WARN
2025-01-01T00:37:00,M1,92.83,ERROR
2025-01-01T00:38:00,M3,58.9,WARN
2025-01-01T00:39:00,M2,115.77,ERROR
2025-01-01T00:40:00,M1,59.31,OK
2025-01-01T00:41:00,M2,56.42,WARN
2025-01-01T00:42:00,M6,99.3,WARN
2025-01-01T00:43:00,M4,114.79,OK
2025-01-01T00:44:00,M4,77.15,OK
2025-01-01T00:45:00,M2,58.49,OK
2025-01-01T00:46:00,M2,96.63,WARN
2025-01-01T00:47:00,M1,115.41,WARN
2025-01-01T00:48:00,M5,87.65,OK
2025-01-01T00:49:00,M5,101.17,ERROR
2025-01-01T00:50:00,M4,102.32,ERROR
2025-01-01T00:51:00,M4,61.68,WARN
2025-01-01T00:52:00,M3,99.97,WARN
2025-01-01T00:53:00,M1,80.02,ERROR
2025-01-01T00:54:00,M4,82.96,ERROR
2025-01-01T00:55:00,M3,75.67,OK
2025-01-01T00:56:00,M2,109.54,ERROR
2025-01-01T00:57:00,M5,121.71,WARN
2025-01-01T00:58:00,M1,80.02,ERROR
2025-01-01T00:59:00,M6,82.88,ERROR
2025-01-01T01:00:00,M4,120.23,ERROR
2025-01-01T01:01:00,M4,68.45,ERROR
2025-01-01T01:02:00,M3,71.31,WARN
2025-01-01T01:03:00,M3,77.23,ERROR
2025-01-01T01:04:00,M6,62.29,ERROR
2025-01-01T01:05:00,M2,81.16,WARN
2025-01-01T01:06:00,M6,96.0,OK
2025-01-01T01:07:00,M6,84.98,ERROR
2025-01-01T01:08:00,M4,66.19,OK
2025-01-01T01:09:00,M2,119.13,OK
2025-01-01T01:10:00,M5,64.24,ERROR
2025-01-01T01:11:00,M2,59.83,ERROR
2025-01-01T01:12:00,M5,79.5,ERROR
2025-01-01T01:13:00,M5,86.31,ERROR
2025-01-01T01:14:00,M6,75.92,ERROR
2025-01-01T01:15:00,M4,86.36,ERROR
2025-01-01T01:16:00,M3,103.81,WARN
2025-01-01T01:17:00,M6,83.03,WARN
2025-01-01T01:18:00,M2,60.12,WARN
2025-01-01T01:19:00,M6,75.14,OK
2025-01-01T01:20:00,M5,87.27,ERROR
2025-01-01T01:21:00,M6,109.59,OK
2025-01-01T01:22:00,M4,79.95,OK
2025-01-01T01:23:00,M6,88.08,OK
2025-01-01T01:24:00,M2,95.22,WARN
2025-01-01T01:25:00,M6,118.66,OK
2025-01-01T01:26:00,M1,112.69,ERROR
2025-01-01T01:27:00,M2,73.92,WARN
2025-01-01T01:28:00,M1,101.83,ERROR
2025-01-01T01:29:00,M1,112.76,WARN
2025-01-01T01:30:00,M5,99.98,WARN
2025-01-01T01:31:00,M2,71.29,WARN
2025-01-01T01:32:00,M4,106.61,ERROR
2025-01-01T01:33:00,M6,120.16,ERROR
2025-01-01T01:34:00,M5,60.7,ERROR
2025-01-01T01:35:00,M2,73.42,OK
2025-01-01T01:36:00,M2,77.67,WARN
2025-01-01T01:37:00,M5,97.51,OK
2025-01-01T01:38:00,M5,117.01,WARN
2025-01-01T01:39:00,M5,70.23,ERROR
2025-01-01T01:40:00,M3,65.14,OK
2025-01-01T01:41:00,M4,75.57,WARN
2025-01-01T01:42:00,M5,57.95,ERROR
2025-01-01T01:43:00,M6,124.91,ERROR
2025-01-01T01:44:00,M1,85.52,WARN
2025-01-01T01:45:00,M1,59.58,ERROR
2025-01-01T01:46:00,M1,122.2,WARN
2025-01-01T01:47:00,M2,73.74,ERROR
2025-01-01T01:48:00,M3,109.65,ERROR
2025-01-01T01:49:00,M3,66.11,WARN
2025-01-01T01:50:00,M2,78.8,OK
2025-01-01T01:51:00,M6,108.24,ERROR
2025-01-01T01:52:00,M1,66.41,WARN
2025-01-01T01:53:00,M1,67.98,WARN
2025-01-01T01:54:00,M2,80.13,ERROR
2025-01-01T01:55:00,M4,102.64,WARN
2025-01-01T01:56:00,M6,62.23,OK
2025-01-01T01:57:00,M3,80.8,WARN
2025-01-01T01:58:00,M1,67.1,OK
2025-01-01T01:59:00,M5,61.04,WARN
2025-01-01T02:00:00,M5,93.55,ERROR
2025-01-01T02:01:00,M2,106.21,OK
2025-01-01T02:02:00,M6,102.56,ERROR
2025-01-01T02:03:00,M2,115.89,OK
2025-01-01T02:04:00,M5,57.94,WARN
2025-01-01T02:05:00,M3,123.99,WARN
2025-01-01T02:06:00,M1,76.25,WARN
2025-01-01T02:07:00,M5,121.94,WARN
2025-01-01T02:08:00,M3,119.75,ERROR
2025-01-01T02:09:00,M5,73.62,ERROR
2025-01-01T02:10:00,M6,84.13,WARN
2025-01-01T02:11:00,M6,100.41,WARN
2025-01-01T02:12:00,M6,120.76,OK
2025-01-01T02:13:00,M6,105.59,WARN
2025-01-01T02:14:00,M1,109.38,ERROR
2025-01-01T02:15:00,M6,84.83,ERROR
2025-01-01T02:16:00,M1,79.95,ERROR
2025-01-01T02:17:00,M3,70.0,OK
2025-01-01T02:18:00,M4,117.17,OK
2025-01-01T02:19:00,M4,121.19,OK
2025-01-01T02:20:00,M3,111.41,ERROR
2025-01-01T02:21:00,M4,60.83,ERROR
2025-01-01T02:22:00,M5,92.6,OK
2025-01-01T02:23:00,M5,81.27,ERROR
2025-01-01T02:24:00,M3,75.56,OK
2025-01-01T02:25:00,M6,89.0,ERROR
2025-01-01T02:26:00,M5,87.15,OK
2025-01-01T02:27:00,M1,70.06,ERROR
2025-01-01T02:28:00,M2,123.26,ERROR
2025-01-01T02:29:00,M5,70.35,ERROR
2025-01-01T02:30:00,M2,67.54,WARN
2025-01-01T02:31:00,M6,87.16,WARN
2025-01-01T02:32:00,M1,88.23,ERROR
2025-01-01T02:33:00,M3,74.07,WARN
2025-01-01T02:34:00,M5,73.61,OK
2025-01-01T02:35:00,M2,82.88,ERROR
2025-01-01T02:36:00,M2,77.44,ERROR
2025-01-01T02:37:00,M2,91.64,WARN
2025-01-01T02:38:00,M1,83.64,WARN
2025-01-01T02:39:00,M2,93.7,OK
2025-01-01T02:40:00,M6,70.61,ERROR
2025-01-01T02:41:00,M4,68.0,ERROR
2025-01-01T02:42:00,M5,91.95,WARN
2025-01-01T02:43:00,M3,82.54,WARN
2025-01-01T02:44:00,M6,59.32,WARN
2025-01-01T02:45:00,M4,118.03,OK
2025-01-01T02:46:00,M1,106.65,OK
2025-01-01T02:47:00,M3,59.83,OK
2025-01-01T02:48:00,M4,113.2,WARN
2025-01-01T02:49:00,M3,104.69,OK
2025-01-01T02:50:00,M5,101.0,WARN
2025-01-01T02:51:00,M1,59.81,OK
2025-01-01T02:52:00,M4,117.67,WARN
2025-01-01T02:53:00,M5,107.92,WARN
2025-01-01T02:54:00,M6,95.46,ERROR
2025-01-01T02:55:00,M5,86.27,WARN
2025-01-01T02:56:00,M2,101.67,ERROR
2025-01-01T02:57:00,M2,105.02,WARN
2025-01-01T02:58:00,M6,110.23,WARN
2025-01-01T02:59:00,M6,69.81,ERROR
2025-01-01T03:00:00,M6,112.42,OK
2025-01-01T03:01:00,M6,96.13,WARN
2025-01-01T03:02:00,M3,87.09,OK
2025-01-01T03:03:00,M3,87.99,ERROR
2025-01-01T03:04:00,M6,104.61,WARN
2025-01-01T03:05:00,M4,63.38,WARN
2025-01-01T03:06:00,M6,79.57,OK
2025-01-01T03:07:00,M6,65.31,OK
2025-01-01T03:08:00,M4,120.05,OK
2025-01-01T03:09:00,M2,78.67,ERROR
2025-01-01T03:10:00,M1,96.43,ERROR
2025-01-01T03:11:00,M2,117.41,ERROR
2025-01-01T03:12:00,M5,85.43,WARN
2025-01-01T03:13:00,M1,55.82,OK
2025-01-01T03:14:00,M5,72.6,OK
2025-01-01T03:15:00,M1,111.5,WARN
2025-01-01T03:16:00,M1,58.19,ERROR
2025-01-01T03:17:00,M2,119.24,ERROR
2025-01-01T03:18:00,M4,105.01,ERROR
2025-01-01T03:19:00,M6,111.01,ERROR
2025-01-01T03:20:00,M1,100.01,WARN
2025-01-01T03:21:00,M6,101.7,OK
2025-01-01T03:22:00,M4,56.97,OK
2025-01-01T03:23:00,M5,112.79,OK
2025-01-01T03:24:00,M6,77.65,WARN
2025-01-01T03:25:00,M4,61.2,ERROR
2025-01-01T03:26:00,M6,119.87,OK
2025-01-01T03:27:00,M6,117.92,OK
2025-01-01T03:28:00,M5,94.87,WARN
2025-01-01T03:29:00,M5,69.52,OK
2025-01-01T03:30:00,M6,68.19,ERROR
2025-01-01T03:31:00,M2,107.72,OK
2025-01-01T03:32:00,M4,96.68,OK
2025-01-01T03:33:00,M1,83.55,OK
2025-01-01T03:34:00,M2,107.31,OK
2025-01-01T03:35:00,M3,102.28,ERROR
2025-01-01T03:36:00,M6,120.9,WARN
2025-01-01T03:37:00,M3,55.75,ERROR
2025-01-01T03:38:00,M6,81.9,ERROR
2025-01-01T03:39:00,M3,113.97,OK
2025-01-01T03:40:00,M3,100.31,WARN
2025-01-01T03:41:00,M6,66.15,ERROR
2025-01-01T03:42:00,M5,87.56,WARN
2025-01-01T03:43:00,M4,66.65,OK
2025-01-01T03:44:00,M5,73.28,OK
2025-01-01T03:45:00,M2,124.97,ERROR
2025-01-01T03:46:00,M4,109.91,ERROR
2025-01-01T03:47:00,M4,60.15,WARN
2025-01-01T03:48:00,M5,113.63,WARN
2025-01-01T03:49:00,M3,95.58,WARN
2025-01-01T03:50:00,M1,79.34,OK
2025-01-01T03:51:00,M1,58.67,OK
2025-01-01T03:52:00,M3,99.98,WARN
2025-01-01T03:53:00,M6,63.84,OK
2025-01-01T03:54:00,M6,60.97,ERROR
2025-01-01T03:55:00,M1,119.41,OK
2025-01-01T03:56:00,M3,111.77,WARN
2025-01-01T03:57:00,M6,99.42,OK
2025-01-01T03:58:00,M5,77.34,ERROR
2025-01-01T03:59:00,M5,70.74,WARN
2025-01-01T04:00:00,M3,122.05,WARN
2025-01-01T04:01:00,M2,115.72,WARN
2025-01-01T04:02:00,M2,78.72,ERROR
2025-01-01T04:03:00,M3,112.91,OK
2025-01-01T04:04:00,M6,120.85,OK
2025-01-01T04:05:00,M5,91.53,ERROR
2025-01-01T04:06:00,M6,65.72,WARN
2025-01-01T04:07:00,M1,94.14,WARN
2025-01-01T04:08:00,M5,63.02,ERROR
2025-01-01T04:09:00,M2,74.57,ERROR
2025-01-01T04:10:00,M3,117.42,OK
2025-01-01T04:11:00,M6,98.15,OK
2025-01-01T04:12:00,M4,91.53,WARN
2025-01-01T04:13:00,M4,80.33,OK
2025-01-01T04:14:00,M6,99.22,ERROR
2025-01-01T04:15:00,M6,95.09,WARN
2025-01-01T04:16:00,M2,107.31,WARN
2025-01-01T04:17:00,M5,97.08,OK
2025-01-01T04:18:00,M4,89.86,WARN
2025-01-01T04:19:00,M1,118.87,ERROR
2025-01-01T04:20:00,M4,95.28,ERROR
2025-01-01T04:21:00,M5,74.52,WARN
2025-01-01T04:22:00,M6,76.4,OK
2025-01-01T04:23:00,M5,61.19,OK
2025-01-01T04:24:00,M5,115.72,WARN
2025-01-01T04:25:00,M5,74.49,ERROR
2025-01-01T04:26:00,M2,56.33,OK
2025-01-01T04:27:00,M2,89.64,OK
2025-01-01T04:28:00,M3,79.15,WARN
2025-01-01T04:29:00,M1,108.35,ERROR
2025-01-01T04:30:00,M3,61.67,WARN
2025-01-01T04:31:00,M3,122.26,WARN
2025-01-01T04:32:00,M4,120.27,WARN
2025-01-01T04:33:00,M6,116.46,WARN
2025-01-01T04:34:00,M4,62.91,WARN
2025-01-01T04:35:00,M6,70.72,OK
2025-01-01T04:36:00,M3,102.23,OK
2025-01-01T04:37:00,M3,62.82,WARN
2025-01-01T04:38:00,M6,116.03,OK
2025-01-01T04:39:00,M3,104.62,ERROR
2025-01-01T04:40:00,M3,107.21,WARN
2025-01-01T04:41:00,M4,62.75,OK
2025-01-01T04:42:00,M6,83.42,ERROR
2025-01-01T04:43:00,M6,79.27,OK
2025-01-01T04:44:00,M5,55.19,WARN
2025-01-01T04:45:00,M4,76.78,ERROR
2025-01-01T04:46:00,M1,62.1,OK
2025-01-01T04:47:00,M3,60.68,WARN
2025-01-01T04:48:00,M4,114.1,ERROR
2025-01-01T04:49:00,M4,100.69,WARN
2025-01-01T04:50:00,M2,70.68,WARN
2025-01-01T04:51:00,M6,59.16,OK
2025-01-01T04:52:00,M5,109.67,ERROR
2025-01-01T04:53:00,M1,59.09,ERROR
2025-01-01T04:54:00,M5,76.51,ERROR
2025-01-01T04:55:00,M6,75.0,WARN
2025-01-01T04:56:00,M1,100.14,OK
2025-01-01T04:57:00,M3,64.31,OK
2025-01-01T04:58:00,M2,98.45,WARN
2025-01-01T04:59:00,M1,96.21,OK
2025-01-01T05:00:00,M6,101.08,OK
2025-01-01T05:01:00,M3,114.22,WARN
2025-01-01T05:02:00,M2,95.4,WARN
2025-01-01T05:03:00,M1,111.51,OK
2025-01-01T05:04:00,M2,110.54,OK
2025-01-01T05:05:00,M5,93.63,OK
2025-01-01T05:06:00,M2,122.57,OK
2025-01-01T05:07:00,M6,108.82,WARN
2025-01-01T05:08:00,M1,71.95,WARN
2025-01-01T05:09:00,M1,106.58,WARN
2025-01-01T05:10:00,M3,116.41,OK
2025-01-01T05:11:00,M1,83.03,WARN
2025-01-01T05:12:00,M3,115.01,WARN
2025-01-01T05:13:00,M4,98.79,ERROR
2025-01-01T05:14:00,M5,78.16,OK
2025-01-01T05:15:00,M6,105.8,ERROR
2025-01-01T05:16:00,M4,89.35,ERROR
2025-01-01T05:17:00,M4,123.85,WARN
2025-01-01T05:18:00,M4,94.48,OK
2025-01-01T05:19:00,M1,118.28,WARN
2025-01-01T05:20:00,M6,120.56,WARN
2025-01-01T05:21:00,M5,77.56,OK
2025-01-01T05:22:00,M2,102.36,WARN
2025-01-01T05:23:00,M2,73.73,ERROR
2025-01-01T05:24:00,M3,124.13,ERROR
2025-01-01T05:25:00,M2,69.26,WARN
2025-01-01T05:26:00,M2,93.58,OK
2025-01-01T05:27:00,M5,104.42,ERROR
2025-01-01T05:28:00,M6,97.44,ERROR
2025-01-01T05:29:00,M6,86.19,OK
2025-01-01T05:30:00,M6,85.24,WARN
2025-01-01T05:31:00,M5,63.12,OK
2025-01-01T05:32:00,M4,94.96,ERROR
2025-01-01T05:33:00,M5,84.5,WARN
2025-01-01T05:34:00,M2,115.43,WARN
2025-01-01T05:35:00,M4,80.49,WARN
2025-01-01T05:36:00,M6,74.9,ERROR
2025-01-01T05:37:00,M4,83.28,WARN
2025-01-01T05:38:00,M2,111.02,WARN
2025-01-01T05:39:00,M5,102.27,ERROR
2025-01-01T05:40:00,M6,83.57,ERROR
2025-01-01T05:41:00,M5,105.85,OK
2025-01-01T05:42:00,M5,81.07,WARN
2025-01-01T05:43:00,M1,80.26,OK
2025-01-01T05:44:00,M6,112.73,OK
2025-01-01T05:45:00,M2,89.28,OK
2025-01-01T05:46:00,M3,104.25,ERROR
2025-01-01T05:47:00,M3,105.67,OK
2025-01-01T05:48:00,M6,107.04,ERROR
2025-01-01T05:49:00,M5,121.35,OK
2025-01-01T05:50:00,M5,88.23,WARN
2025-01-01T05:51:00,M1,98.36,OK
2025-01-01T05:52:00,M4,90.06,OK
2025-01-01T05:53:00,M5,60.68,WARN
2025-01-01T05:54:00,M1,83.93,ERROR
2025-01-01T05:55:00,M4,64.58,ERROR
2025-01-01T05:56:00,M2,110.12,OK
2025-01-01T05:57:00,M2,114.92,WARN
2025-01-01T05:58:00,M3,100.61,WARN
2025-01-01T05:59:00,M1,97.91,ERROR
2025-01-01T06:00:00,M1,103.53,WARN
2025-01-01T06:01:00,M2,67.07,OK
2025-01-01T06:02:00,M6,115.78,OK
2025-01-01T06:03:00,M1,120.06,OK
2025-01-01T06:04:00,M4,82.67,ERROR
2025-01-01T06:05:00,M4,55.05,OK
2025-01-01T06:06:00,M1,55.41,WARN
2025-01-01T06:07:00,M6,106.81,ERROR
2025-01-01T06:08:00,M1,79.48,ERROR
2025-01-01T06:09:00,M1,116.57,ERROR
2025-01-01T06:10:00,M5,114.14,OK
2025-01-01T06:11:00,M5,122.97,WARN
2025-01-01T06:12:00,M2,89.51,ERROR
2025-01-01T06:13:00,M5,108.81,WARN
2025-01-01T06:14:00,M1,72.75,WARN
2025-01-01T06:15:00,M6,58.79,OK
2025-01-01T06:16:00,M6,67.88,ERROR
2025-01-01T06:17:00,M2,81.35,WARN
2025-01-01T06:18:00,M1,110.28,OK
2025-01-01T06:19:00,M4,95.35,OK
2025-01-01T06:20:00,M4,64.09,WARN
2025-01-01T06:21:00,M1,61.78,OK
2025-01-01T06:22:00,M1,106.92,ERROR
2025-01-01T06:23:00,M1,113.34,OK
2025-01-01T06:24:00,M4,55.45,OK
2025-01-01T06:25:00,M5,85.18,OK
2025-01-01T06:26:00,M5,107.7,ERROR
2025-01-01T06:27:00,M3,94.89,WARN
2025-01-01T06:28:00,M2,113.31,ERROR
2025-01-01T06:29:00,M6,85.77,OK
2025-01-01T06:30:00,M6,86.48,WARN
2025-01-01T06:31:00,M1,121.36,OK
2025-01-01T06:32:00,M2,117.28,OK
2025-01-01T06:33:00,M5,76.79,ERROR
2025-01-01T06:34:00,M6,96.92,OK
2025-01-01T06:35:00,M6,85.06,OK
2025-01-01T06:36:00,M2,68.72,WARN
2025-01-01T06:37:00,M1,104.73,ERROR
2025-01-01T06:38:00,M6,64.67,ERROR
2025-01-01T06:39:00,M6,112.11,OK
2025-01-01T06:40:00,M6,111.64,ERROR
2025-01-01T06:41:00,M1,101.19,OK
2025-01-01T06:42:00,M3,76.96,ERROR
2025-01-01T06:43:00,M3,96.3,ERROR
2025-01-01T06:44:00,M1,95.65,ERROR
2025-01-01T06:45:00,M3,121.31,WARN
2025-01-01T06:46:00,M1,107.65,WARN
2025-01-01T06:47:00,M1,115.89,ERROR
2025-01-01T06:48:00,M6,104.56,ERROR
2025-01-01T06:49:00,M1,55.85,WARN
2025-01-01T06:50:00,M3,73.41,OK
2025-01-01T06:51:00,M6,58.65,OK
2025-01-01T06:52:00,M3,71.44,ERROR
2025-01-01T06:53:00,M4,68.09,WARN
2025-01-01T06:54:00,M5,121.27,ERROR
2025-01-01T06:55:00,M3,68.85,OK
2025-01-01T06:56:00,M2,116.17,ERROR
2025-01-01T06:57:00,M4,74.87,WARN
2025-01-01T06:58:00,M2,100.43,ERROR
2025-01-01T06:59:00,M6,93.68,ERROR
2025-01-01T07:00:00,M6,64.62,OK
2025-01-01T07:01:00,M1,122.39,OK
2025-01-01T07:02:00,M5,76.97,OK
2025-01-01T07:03:00,M6,74.01,ERROR
2025-01-01T07:04:00,M6,85.67,WARN
2025-01-01T07:05:00,M1,75.52,ERROR
2025-01-01T07:06:00,M2,114.99,OK
2025-01-01T07:07:00,M5,113.74,WARN
2025-01-01T07:08:00,M1,122.37,ERROR
2025-01-01T07:09:00,M1,57.12,OK
2025-01-01T07:10:00,M1,98.2,ERROR
2025-01-01T07:11:00,M6,68.86,OK
2025-01-01T07:12:00,M2,123.43,ERROR
2025-01-01T07:13:00,M2,94.34,WARN
2025-01-01T07:14:00,M4,68.17,ERROR
2025-01-01T07:15:00,M5,93.93,OK
2025-01-01T07:16:00,M4,72.33,OK
2025-01-01T07:17:00,M5,87.14,WARN
2025-01-01T07:18:00,M3,91.17,WARN
2025-01-01T07:19:00,M2,107.94,OK
2025-01-01T07:20:00,M5,93.35,WARN
2025-01-01T07:21:00,M4,101.67,OK
2025-01-01T07:22:00,M4,75.79,WARN
2025-01-01T07:23:00,M4,120.7,OK
2025-01-01T07:24:00,M1,111.42,OK
2025-01-01T07:25:00,M2,60.46,ERROR
2025-01-01T07:26:00,M1,124.09,WARN
2025-01-01T07:27:00,M4,79.69,ERROR
2025-01-01T07:28:00,M5,108.31,WARN
2025-01-01T07:29:00,M3,68.45,ERROR
2025-01-01T07:30:00,M1,124.67,OK
2025-01-01T07:31:00,M2,71.61,OK
2025-01-01T07:32:00,M6,117.91,OK
2025-01-01T07:33:00,M1,112.47,OK
2025-01-01T07:34:00,M1,67.64,ERROR
2025-01-01T07:35:00,M3,107.14,ERROR
2025-01-01T07:36:00,M5,93.22,ERROR
2025-01-01T07:37:00,M5,71.86,WARN
2025-01-01T07:38:00,M4,96.73,OK
2025-01-01T07:39:00,M6,60.49,WARN
2025-01-01T07:40:00,M4,112.89,ERROR
2025-01-01T07:41:00,M2,92.98,ERROR
2025-01-01T07:42:00,M6,114.5,OK
2025-01-01T07:43:00,M6,107.47,WARN
2025-01-01T07:44:00,M4,57.94,ERROR
2025-01-01T07:45:00,M6,61.3,WARN
2025-01-01T07:46:00,M4,92.19,OK
2025-01-01T07:47:00,M3,99.56,WARN
2025-01-01T07:48:00,M3,68.8,OK
2025-01-01T07:49:00,M6,89.45,ERROR
2025-01-01T07:50:00,M2,120.4,OK
2025-01-01T07:51:00,M6,112.93,ERROR
2025-01-01T07:52:00,M4,65.1,ERROR
2025-01-01T07:53:00,M4,70.26,ERROR
2025-01-01T07:54:00,M6,65.75,OK
2025-01-01T07:55:00,M5,56.72,ERROR
2025-01-01T07:56:00,M1,98.78,OK
2025-01-01T07:57:00,M6,91.05,WARN
2025-01-01T07:58:00,M1,96.37,OK
2025-01-01T07:59:00,M2,90.48,WARN
2025-01-01T08:00:00,M3,57.15,OK
2025-01-01T08:01:00,M1,55.42,WARN
2025-01-01T08:02:00,M6,90.05,ERROR
2025-01-01T08:03:00,M5,97.68,ERROR
2025-01-01T08:04:00,M4,85.87,ERROR
2025-01-01T08:05:00,M5,116.15,OK
2025-01-01T08:06:00,M1,59.31,OK
2025-01-01T08:07:00,M3,96.91,OK
2025-01-01T08:08:00,M2,63.18,WARN
2025-01-01T08:09:00,M3,100.85,OK
2025-01-01T08:10:00,M5,64.67,WARN
2025-01-01T08:11:00,M4,81.34,ERROR
2025-01-01T08:12:00,M1,117.34,ERROR
2025-01-01T08:13:00,M4,94.26,WARN
2025-01-01T08:14:00,M4,74.57,OK
2025-01-01T08:15:00,M4,90.32,ERROR
2025-01-01T08:16:00,M2,73.75,WARN
2025-01-01T08:17:00,M3,62.63,ERROR
2025-01-01T08:18:00,M1,64.93,OK
2025-01-01T08:19:00,M6,67.79,OK
2025-01-01T08:20:00,M1,123.7,OK
2025-01-01T08:21:00,M3,75.55,OK
2025-01-01T08:22:00,M2,60.93,WARN
2025-01-01T08:23:00,M4,104.52,OK
2025-01-01T08:24:00,M5,56.26,WARN
2025-01-01T08:25:00,M5,59.65,OK
2025-01-01T08:26:00,M6,75.9,WARN
2025-01-01T08:27:00,M5,81.11,ERROR
2025-01-01T08:28:00,M1,59.15,OK
2025-01-01T08:29:00,M6,107.75,OK
2025-01-01T08:30:00,M1,117.6,OK
2025-01-01T08:31:00,M2,92.0,ERROR
2025-01-01T08:32:00,M5,92.39,ERROR
2025-01-01T08:33:00,M1,58.22,ERROR
2025-01-01T08:34:00,M5,82.37,OK
2025-01-01T08:35:00,M2,110.17,OK
2025-01-01T08:36:00,M2,108.7,ERROR
2025-01-01T08:37:00,M3,94.01,OK
2025-01-01T08:38:00,M1,88.08,OK
2025-01-01T08:39:00,M4,64.76,WARN
2025-01-01T08:40:00,M1,93.6,WARN
2025-01-01T08:41:00,M3,113.57,ERROR
2025-01-01T08:42:00,M3,124.4,WARN
2025-01-01T08:43:00,M2,98.26,ERROR
2025-01-01T08:44:00,M4,87.72,OK
2025-01-01T08:45:00,M3,73.72,ERROR
2025-01-01T08:46:00,M6,67.32,OK
2025-01-01T08:47:00,M4,106.1,ERROR
2025-01-01T08:48:00,M5,122.87,ERROR
2025-01-01T08:49:00,M5,66.11,OK
2025-01-01T08:50:00,M4,72.83,WARN
2025-01-01T08:51:00,M1,108.15,ERROR
2025-01-01T08:52:00,M1,70.84,OK
2025-01-01T08:53:00,M4,115.63,WARN
2025-01-01T08:54:00,M1,106.69,WARN
2025-01-01T08:55:00,M3,113.37,OK
2025-01-01T08:56:00,M1,91.64,WARN
2025-01-01T08:57:00,M4,61.97,ERROR
2025-01-01T08:58:00,M2,106.76,OK
2025-01-01T08:59:00,M5,87.23,ERROR
2025-01-01T09:00:00,M5,123.52,ERROR
2025-01-01T09:01:00,M2,93.66,ERROR
2025-01-01T09:02:00,M2,105.55,ERROR
2025-01-01T09:03:00,M6,109.94,OK
2025-01-01T09:04:00,M1,92.27,OK
2025-01-01T09:05:00,M5,98.72,ERROR
2025-01-01T09:06:00,M3,75.03,WARN
2025-01-01T09:07:00,M4,94.41,OK
2025-01-01T09:08:00,M3,55.35,WARN
2025-01-01T09:09:00,M5,119.09,OK
2025-01-01T09:10:00,M4,111.63,ERROR
2025-01-01T09:11:00,M6,85.46,ERROR
2025-01-01T09:12:00,M6,66.39,OK
2025-01-01T09:13:00,M3,95.62,OK
2025-01-01T09:14:00,M4,77.26,WARN
2025-01-01T09:15:00,M5,64.38,ERROR
2025-01-01T09:16:00,M5,120.23,WARN
2025-01-01T09:17:00,M3,85.8,OK
2025-01-01T09:18:00,M2,57.77,OK
2025-01-01T09:19:00,M3,97.48,OK
2025-01-01T09:20:00,M2,91.18,ERROR
2025-01-01T09:21:00,M3,70.12,WARN
2025-01-01T09:22:00,M4,56.04,ERROR
2025-01-01T09:23:00,M1,117.15,OK
2025-01-01T09:24:00,M6,81.38,OK
2025-01-01T09:25:00,M2,92.81,OK
2025-01-01T09:26:00,M1,67.99,OK
2025-01-01T09:27:00,M6,100.5,OK
2025-01-01T09:28:00,M2,63.76,ERROR
2025-01-01T09:29:00,M2,99.32,WARN
2025-01-01T09:30:00,M2,110.41,WARN
2025-01-01T09:31:00,M1,79.29,OK
2025-01-01T09:32:00,M5,123.43,ERROR
2025-01-01T09:33:00,M4,71.72,ERROR
2025-01-01T09:34:00,M3,63.27,WARN
2025-01-01T09:35:00,M6,93.11,WARN
2025-01-01T09:36:00,M4,65.16,ERROR
2025-01-01T09:37:00,M1,83.97,OK
2025-01-01T09:38:00,M5,61.14,OK
2025-01-01T09:39:00,M4,83.61,OK
2025-01-01T09:40:00,M6,109.89,ERROR
2025-01-01T09:41:00,M5,80.31,OK
2025-01-01T09:42:00,M5,112.16,OK
2025-01-01T09:43:00,M3,105.93,OK
2025-01-01T09:44:00,M2,98.48,ERROR
2025-01-01T09:45:00,M5,97.73,WARN
2025-01-01T09:46:00,M1,105.0,OK
2025-01-01T09:47:00,M3,88.1,OK
2025-01-01T09:48:00,M3,106.74,ERROR
2025-01-01T09:49:00,M2,90.08,OK
2025-01-01T09:50:00,M6,69.66,ERROR
2025-01-01T09:51:00,M5,72.22,WARN
2025-01-01T09:52:00,M6,107.92,OK
2025-01-01T09:53:00,M2,123.08,WARN
2025-01-01T09:54:00,M5,76.08,OK
2025-01-01T09:55:00,M5,56.31,OK
2025-01-01T09:56:00,M3,120.76,WARN
2025-01-01T09:57:00,M6,110.75,ERROR
2025-01-01T09:58:00,M4,89.2,OK
2025-01-01T09:59:00,M1,57.76,OK
2025-01-01T10:00:00,M2,110.52,WARN
2025-01-01T10:01:00,M2,71.37,WARN
2025-01-01T10:02:00,M2,74.97,ERROR
2025-01-01T10:03:00,M4,94.34,WARN
2025-01-01T10:04:00,M6,100.03,ERROR
2025-01-01T10:05:00,M3,81.46,OK
2025-01-01T10:06:00,M4,78.0,OK
2025-01-01T10:07:00,M3,110.87,WARN
2025-01-01T10:08:00,M1,102.66,WARN
2025-01-01T10:09:00,M5,81.01,WARN
2025-01-01T10:10:00,M1,89.37,ERROR
2025-01-01T10:11:00,M6,122.51,OK
2025-01-01T10:12:00,M1,104.21,WARN
2025-01-01T10:13:00,M5,112.79,ERROR
2025-01-01T10:14:00,M2,104.53,WARN
2025-01-01T10:15:00,M2,92.11,ERROR
2025-01-01T10:16:00,M1,114.32,ERROR
2025-01-01T10:17:00,M5,73.6,OK
2025-01-01T10:18:00,M6,92.1,OK
2025-01-01T10:19:00,M3,114.88,OK
2025-01-01T10:20:00,M3,60.19,ERROR
2025-01-01T10:21:00,M3,108.54,ERROR
2025-01-01T10:22:00,M3,115.09,OK
2025-01-01T10:23:00,M2,83.26,ERROR
2025-01-01T10:24:00,M3,91.16,WARN
2025-01-01T10:25:00,M5,115.36,ERROR
2025-01-01T10:26:00,M3,68.59,ERROR
2025-01-01T10:27:00,M3,71.7,OK
2025-01-01T10:28:00,M6,87.28,ERROR
2025-01-01T10:29:00,M1,67.71,WARN
2025-01-01T10:30:00,M5,105.92,ERROR
2025-01-01T10:31:00,M1,87.32,WARN
2025-01-01T10:32:00,M5,101.63,OK
2025-01-01T10:33:00,M5,58.16,ERROR
2025-01-01T10:34:00,M2,112.18,WARN
2025-01-01T10:35:00,M6,76.97,OK
2025-01-01T10:36:00,M3,78.22,OK
2025-01-01T10:37:00,M4,90.9,ERROR
2025-01-01T10:38:00,M2,88.8,WARN
2025-01-01T10:39:00,M4,66.94,OK
2025-01-01T10:40:00,M3,91.3,ERROR
2025-01-01T10:41:00,M4,78.32,OK
2025-01-01T10:42:00,M1,79.32,ERROR
2025-01-01T10:43:00,M6,96.1,WARN
2025-01-01T10:44:00,M6,57.44,OK
2025-01-01T10:45:00,M4,107.06,ERROR
2025-01-01T10:46:00,M4,119.09,WARN
2025-01-01T10:47:00,M1,64.6,OK
2025-01-01T10:48:00,M3,122.06,OK
2025-01-01T10:49:00,M1,119.36,OK
2025-01-01T10:50:00,M2,55.23,WARN
2025-01-01T10:51:00,M4,123.28,OK
2025-01-01T10:52:00,M2,111.38,WARN
2025-01-01T10:53:00,M6,65.33,WARN
2025-01-01T10:54:00,M3,57.93,OK
2025-01-01T10:55:00,M4,60.68,WARN
2025-01-01T10:56:00,M5,113.93,WARN
2025-01-01T10:57:00,M6,124.56,ERROR
2025-01-01T10:58:00,M2,110.45,ERROR
2025-01-01T10:59:00,M6,72.06,WARN
2025-01-01T11:00:00,M4,58.75,ERROR
2025-01-01T11:01:00,M5,89.96,OK
2025-01-01T11:02:00,M4,65.43,ERROR
2025-01-01T11:03:00,M4,58.44,ERROR
2025-01-01T11:04:00,M2,57.63,ERROR
2025-01-01T11:05:00,M5,78.71,WARN
2025-01-01T11:06:00,M2,63.31,ERROR
2025-01-01T11:07:00,M6,86.41,WARN
2025-01-01T11:08:00,M1,70.56,ERROR
2025-01-01T11:09:00,M5,93.74,ERROR
2025-01-01T11:10:00,M2,99.09,ERROR
2025-01-01T11:11:00,M6,101.46,ERROR
2025-01-01T11:12:00,M6,99.94,ERROR
2025-01-01T11:13:00,M1,115.65,OK
2025-01-01T11:14:00,M3,97.65,WARN
2025-01-01T11:15:00,M4,67.62,OK
2025-01-01T11:16:00,M1,124.23,WARN
2025-01-01T11:17:00,M4,110.06,WARN
2025-01-01T11:18:00,M1,79.42,OK
2025-01-01T11:19:00,M6,57.65,ERROR
2025-01-01T11:20:00,M4,109.09,WARN
2025-01-01T11:21:00,M3,124.81,WARN
2025-01-01T11:22:00,M1,67.64,OK
2025-01-01T11:23:00,M5,82.74,WARN
2025-01-01T11:24:00,M3,74.77,OK
2025-01-01T11:25:00,M5,90.79,ERROR
2025-01-01T11:26:00,M2,93.32,ERROR
2025-01-01T11:27:00,M1,107.91,WARN
2025-01-01T11:28:00,M2,105.59,WARN
2025-01-01T11:29:00,M4,92.76,WARN
2025-01-01T11:30:00,M1,93.01,OK
2025-01-01T11:31:00,M3,118.5,OK
2025-01-01T11:32:00,M5,111.92,ERROR
2025-01-01T11:33:00,M1,72.44,OK
2025-01-01T11:34:00,M5,87.84,WARN
2025-01-01T11:35:00,M5,102.29,WARN
2025-01-01T11:36:00,M4,65.56,OK
2025-01-01T11:37:00,M5,69.69,ERROR
2025-01-01T11:38:00,M3,73.3,WARN
2025-01-01T11:39:00,M1,94.29,OK
2025-01-01T11:40:00,M5,98.52,WARN
2025-01-01T11:41:00,M5,76.07,ERROR
2025-01-01T11:42:00,M3,110.1,OK
2025-01-01T11:43:00,M4,81.95,ERROR
2025-01-01T11:44:00,M5,70.43,ERROR
2025-01-01T11:45:00,M2,105.55,WARN
2025-01-01T11:46:00,M4,79.76,ERROR
2025-01-01T11:47:00,M5,55.47,OK
2025-01-01T11:48:00,M6,120.28,WARN
2025-01-01T11:49:00,M5,74.38,ERROR
2025-01-01T11:50:00,M3,98.25,WARN
2025-01-01T11:51:00,M4,83.37,OK
2025-01-01T11:52:00,M1,96.24,ERROR
2025-01-01T11:53:00,M3,104.83,OK
2025-01-01T11:54:00,M5,57.29,ERROR
2025-01-01T11:55:00,M1,64.42,WARN
2025-01-01T11:56:00,M5,63.36,OK
2025-01-01T11:57:00,M6,92.12,ERROR
2025-01-01T11:58:00,M3,93.51,WARN
2025-01-01T11:59:00,M2,100.63,OK
2025-01-01T12:00:00,M5,120.58,OK
2025-01-01T12:01:00,M3,92.14,WARN
2025-01-01T12:02:00,M5,77.63,OK
2025-01-01T12:03:00,M2,85.88,OK
2025-01-01T12:04:00,M4,113.48,WARN
2025-01-01T12:05:00,M1,66.6,ERROR
2025-01-01T12:06:00,M5,96.19,OK
2025-01-01T12:07:00,M1,89.76,ERROR
2025-01-01T12:08:00,M5,89.13,OK
2025-01-01T12:09:00,M5,65.84,WARN
2025-01-01T12:10:00,M2,55.5,ERROR
2025-01-01T12:11:00,M5,76.45,WARN
2025-01-01T12:12:00,M2,110.34,OK
2025-01-01T12:13:00,M4,76.07,OK
2025-01-01T12:14:00,M2,113.0,ERROR
2025-01-01T12:15:00,M6,70.53,ERROR
2025-01-01T12:16:00,M5,89.94,OK
2025-01-01T12:17:00,M1,62.4,OK
2025-01-01T12:18:00,M5,88.24,ERROR
2025-01-01T12:19:00,M6,118.74,WARN
2025-01-01T12:20:00,M5,121.35,OK
2025-01-01T12:21:00,M4,69.41,ERROR
2025-01-01T12:22:00,M3,98.23,OK
2025-01-01T12:23:00,M3,90.71,WARN
2025-01-01T12:24:00,M3,121.04,ERROR
2025-01-01T12:25:00,M2,100.56,OK
2025-01-01T12:26:00,M4,87.32,OK
2025-01-01T12:27:00,M4,94.55,ERROR
2025-01-01T12:28:00,M1,85.35,WARN
2025-01-01T12:29:00,M3,92.46,OK
2025-01-01T12:30:00,M4,94.29,ERROR
2025-01-01T12:31:00,M5,93.08,WARN
2025-01-01T12:32:00,M2,58.15,ERROR
2025-01-01T12:33:00,M1,90.01,OK
2025-01-01T12:34:00,M3,65.31,OK
2025-01-01T12:35:00,M1,120.97,WARN
2025-01-01T12:36:00,M2,83.46,OK
2025-01-01T12:37:00,M4,121.03,WARN
2025-01-01T12:38:00,M4,76.95,ERROR
2025-01-01T12:39:00,M1,123.87,OK
2025-01-01T12:40:00,M2,87.96,OK
2025-01-01T12:41:00,M5,57.2,OK
2025-01-01T12:42:00,M2,83.03,ERROR
2025-01-01T12:43:00,M6,61.53,OK
2025-01-01T12:44:00,M1,63.29,ERROR
2025-01-01T12:45:00,M6,123.24,WARN
2025-01-01T12:46:00,M5,82.71,WARN
2025-01-01T12:47:00,M1,96.68,WARN
2025-01-01T12:48:00,M6,95.58,WARN
2025-01-01T12:49:00,M4,81.44,ERROR
2025-01-01T12:50:00,M3,90.75,WARN
2025-01-01T12:51:00,M1,100.7,OK
2025-01-01T12:52:00,M2,66.01,ERROR
2025-01-01T12:53:00,M6,61.57,OK
2025-01-01T12:54:00,M3,73.51,WARN
2025-01-01T12:55:00,M5,94.06,WARN
2025-01-01T12:56:00,M3,67.54,WARN
2025-01-01T12:57:00,M5,88.6,WARN
2025-01-01T12:58:00,M5,77.77,OK
2025-01-01T12:59:00,M3,91.3,WARN
2025-01-01T13:00:00,M2,90.97,ERROR
2025-01-01T13:01:00,M6,89.52,OK
2025-01-01T13:02:00,M4,58.32,WARN
2025-01-01T13:03:00,M1,118.03,ERROR
2025-01-01T13:04:00,M5,105.42,ERROR
2025-01-01T13:05:00,M6,108.64,WARN
2025-01-01T13:06:00,M4,80.82,WARN
2025-01-01T13:07:00,M4,98.24,WARN
2025-01-01T13:08:00,M4,112.85,OK
2025-01-01T13:09:00,M3,106.14,WARN
2025-01-01T13:10:00,M6,104.58,ERROR
2025-01-01T13:11:00,M4,101.08,WARN
2025-01-01T13:12:00,M1,80.13,OK
2025-01-01T13:13:00,M2,77.55,WARN
2025-01-01T13:14:00,M2,57.01,ERROR
2025-01-01T13:15:00,M6,83.87,ERROR
2025-01-01T13:16:00,M3,85.28,WARN
2025-01-01T13:17:00,M5,91.79,OK
2025-01-01T13:18:00,M4,104.33,WARN
2025-01-01T13:19:00,M4,85.92,ERROR
2025-01-01T13:20:00,M5,91.15,ERROR
2025-01-01T13:21:00,M5,73.04,ERROR
2025-01-01T13:22:00,M1,84.15,OK
2025-01-01T13:23:00,M1,76.28,ERROR
2025-01-01T13:24:00,M4,65.1,WARN
2025-01-01T13:25:00,M1,87.87,OK
2025-01-01T13:26:00,M3,55.75,OK
2025-01-01T13:27:00,M5,65.46,ERROR
2025-01-01T13:28:00,M3,65.53,WARN
2025-01-01T13:29:00,M6,100.41,WARN
2025-01-01T13:30:00,M1,104.41,OK
2025-01-01T13:31:00,M6,71.35,ERROR
2025-01-01T13:32:00,M3,75.0,ERROR
2025-01-01T13:33:00,M3,67.96,WARN
2025-01-01T13:34:00,M2,96.74,OK
2025-01-01T13:35:00,M6,71.2,OK
2025-01-01T13:36:00,M5,99.97,ERROR
2025-01-01T13:37:00,M1,78.37,OK
2025-01-01T13:38:00,M1,95.24,OK
2025-01-01T13:39:00,M1,85.37,ERROR
2025-01-01T13:40:00,M1,105.94,ERROR
2025-01-01T13:41:00,M6,112.07,OK
2025-01-01T13:42:00,M1,74.5,ERROR
2025-01-01T13:43:00,M1,102.61,ERROR
2025-01-01T13:44:00,M2,56.2,ERROR
2025-01-01T13:45:00,M2,72.32,WARN
2025-01-01T13:46:00,M1,116.69,OK
2025-01-01T13:47:00,M1,77.7,WARN
2025-01-01T13:48:00,M6,119.0,WARN
2025-01-01T13:49:00,M4,74.84,OK
2025-01-01T13:50:00,M1,88.94,WARN
2025-01-01T13:51:00,M5,83.71,ERROR
2025-01-01T13:52:00,M2,68.5,WARN
2025-01-01T13:53:00,M4,67.44,WARN
2025-01-01T13:54:00,M5,119.88,WARN
2025-01-01T13:55:00,M5,85.09,ERROR
2025-01-01T13:56:00,M3,84.65,WARN
2025-01-01T13:57:00,M1,106.02,ERROR
2025-01-01T13:58:00,M6,102.93,WARN
2025-01-01T13:59:00,M1,84.05,WARN
2025-01-01T14:00:00,M3,92.84,ERROR
2025-01-01T14:01:00,M2,84.27,OK
2025-01-01T14:02:00,M2,91.49,WARN
2025-01-01T14:03:00,M6,59.01,WARN
2025-01-01T14:04:00,M5,94.17,ERROR
2025-01-01T14:05:00,M3,121.68,ERROR
2025-01-01T14:06:00,M2,106.6,OK
2025-01-01T14:07:00,M6,95.71,OK
2025-01-01T14:08:00,M4,81.01,OK
2025-01-01T14:09:00,M6,113.57,OK
2025-01-01T14:10:00,M4,119.33,OK
2025-01-01T14:11:00,M6,108.89,ERROR
2025-01-01T14:12:00,M4,66.23,ERROR
2025-01-01T14:13:00,M2,81.96,ERROR
2025-01-01T14:14:00,M5,111.22,ERROR
2025-01-01T14:15:00,M4,105.45,WARN
2025-01-01T14:16:00,M3,106.18,WARN
2025-01-01T14:17:00,M5,94.57,WARN
2025-01-01T14:18:00,M6,74.59,OK
2025-01-01T14:19:00,M5,81.88,OK
2025-01-01T14:20:00,M6,117.74,ERROR
2025-01-01T14:21:00,M3,94.07,OK
2025-01-01T14:22:00,M5,89.69,ERROR
2025-01-01T14:23:00,M5,118.12,WARN
2025-01-01T14:24:00,M5,64.69,WARN
2025-01-01T14:25:00,M6,96.59,ERROR
2025-01-01T14:26:00,M4,121.21,ERROR
2025-01-01T14:27:00,M6,115.82,WARN
2025-01-01T14:28:00,M5,121.95,ERROR
2025-01-01T14:29:00,M1,100.1,WARN
2025-01-01T14:30:00,M4,100.88,ERROR
2025-01-01T14:31:00,M5,55.02,OK
2025-01-01T14:32:00,M2,55.9,OK
2025-01-01T14:33:00,M5,73.59,WARN
2025-01-01T14:34:00,M5,96.78,ERROR
2025-01-01T14:35:00,M1,114.99,ERROR
2025-01-01T14:36:00,M6,70.73,ERROR
2025-01-01T14:37:00,M6,89.1,WARN
2025-01-01T14:38:00,M6,85.72,WARN
2025-01-01T14:39:00,M3,115.74,ERROR
2025-01-01T14:40:00,M5,99.14,OK
2025-01-01T14:41:00,M5,76.26,ERROR
2025-01-01T14:42:00,M4,91.98,ERROR
2025-01-01T14:43:00,M3,92.0,WARN
2025-01-01T14:44:00,M4,63.28,WARN
2025-01-01T14:45:00,M4,112.69,ERROR
2025-01-01T14:46:00,M4,80.71,WARN
2025-01-01T14:47:00,M5,68.53,WARN
2025-01-01T14:48:00,M6,57.61,ERROR
2025-01-01T14:49:00,M1,122.35,WARN
2025-01-01T14:50:00,M6,84.55,WARN
2025-01-01T14:51:00,M4,97.58,OK
2025-01-01T14:52:00,M1,57.82,ERROR
2025-01-01T14:53:00,M2,103.79,OK
2025-01-01T14:54:00,M1,61.82,ERROR
2025-01-01T14:55:00,M5,60.49,OK
2025-01-01T14:56:00,M2,57.57,WARN
2025-01-01T14:57:00,M5,92.22,OK
2025-01-01T14:58:00,M3,124.89,OK
2025-01-01T14:59:00,M2,89.93,ERROR
2025-01-01T15:00:00,M5,122.2,WARN
2025-01-01T15:01:00,M3,112.86,WARN
2025-01-01T15:02:00,M4,114.4,WARN
2025-01-01T15:03:00,M6,91.3,WARN
2025-01-01T15:04:00,M6,88.57,OK
2025-01-01T15:05:00,M4,63.44,OK
2025-01-01T15:06:00,M6,66.65,ERROR
2025-01-01T15:07:00,M4,109.84,WARN
2025-01-01T15:08:00,M1,69.02,ERROR
2025-01-01T15:09:00,M3,122.69,WARN
2025-01-01T15:10:00,M2,116.99,WARN
2025-01-01T15:11:00,M3,87.91,OK
2025-01-01T15:12:00,M1,58.5,ERROR
2025-01-01T15:13:00,M4,66.42,WARN
2025-01-01T15:14:00,M4,77.01,ERROR
2025-01-01T15:15:00,M5,108.57,ERROR
2025-01-01T15:16:00,M4,89.72,OK
2025-01-01T15:17:00,M6,72.85,OK
2025-01-01T15:18:00,M1,124.61,WARN
2025-01-01T15:19:00,M4,72.98,ERROR
2025-01-01T15:20:00,M4,89.37,OK
2025-01-01T15:21:00,M5,115.58,OK
2025-01-01T15:22:00,M3,105.98,WARN
2025-01-01T15:23:00,M1,87.52,OK
2025-01-01T15:24:00,M2,64.59,OK
2025-01-01T15:25:00,M5,81.13,ERROR
2025-01-01T15:26:00,M1,79.87,WARN
2025-01-01T15:27:00,M4,75.58,ERROR
2025-01-01T15:28:00,M5,113.31,ERROR
2025-01-01T15:29:00,M3,122.64,WARN
2025-01-01T15:30:00,M3,76.51,OK
2025-01-01T15:31:00,M1,74.02,ERROR
2025-01-01T15:32:00,M2,120.13,OK
2025-01-01T15:33:00,M3,109.0,OK
2025-01-01T15:34:00,M5,67.99,WARN
2025-01-01T15:35:00,M3,60.92,OK
2025-01-01T15:36:00,M2,85.13,OK
2025-01-01T15:37:00,M4,79.35,OK
2025-01-01T15:38:00,M5,110.21,OK
2025-01-01T15:39:00,M3,89.79,WARN
2025-01-01T15:40:00,M6,68.98,OK
2025-01-01T15:41:00,M2,98.42,OK
2025-01-01T15:42:00,M6,88.06,ERROR
2025-01-01T15:43:00,M1,70.01,WARN
2025-01-01T15:44:00,M4,64.64,ERROR
2025-01-01T15:45:00,M4,85.48,ERROR
2025-01-01T15:46:00,M6,96.61,OK
2025-01-01T15:47:00,M3,77.4,WARN
2025-01-01T15:48:00,M4,120.45,OK
2025-01-01T15:49:00,M5,91.9,OK
2025-01-01T15:50:00,M1,104.95,ERROR
2025-01-01T15:51:00,M2,58.5,WARN
2025-01-01T15:52:00,M1,89.51,ERROR
2025-01-01T15:53:00,M3,96.03,ERROR
2025-01-01T15:54:00,M2,108.64,WARN
2025-01-01T15:55:00,M6,104.26,WARN
2025-01-01T15:56:00,M5,115.68,ERROR
2025-01-01T15:57:00,M3,82.39,ERROR
2025-01-01T15:58:00,M4,110.93,ERROR
2025-01-01T15:59:00,M2,74.01,ERROR
2025-01-01T16:00:00,M6,78.63,WARN
2025-01-01T16:01:00,M4,89.14,WARN
2025-01-01T16:02:00,M2,119.34,OK
2025-01-01T16:03:00,M3,63.22,OK
2025-01-01T16:04:00,M5,117.46,WARN
2025-01-01T16:05:00,M6,59.21,ERROR
2025-01-01T16:06:00,M6,105.46,WARN
2025-01-01T16:07:00,M3,63.72,ERROR
2025-01-01T16:08:00,M4,105.5,ERROR
2025-01-01T16:09:00,M3,82.82,ERROR
2025-01-01T16:10:00,M5,79.08,WARN
2025-01-01T16:11:00,M4,90.11,WARN
2025-01-01T16:12:00,M6,81.01,ERROR
2025-01-01T16:13:00,M4,88.39,WARN
2025-01-01T16:14:00,M1,84.7,OK
2025-01-01T16:15:00,M1,106.9,OK
2025-01-01T16:16:00,M4,113.26,WARN
2025-01-01T16:17:00,M3,72.67,WARN
2025-01-01T16:18:00,M5,90.32,OK
2025-01-01T16:19:00,M2,98.24,WARN
2025-01-01T16:20:00,M3,123.8,ERROR
2025-01-01T16:21:00,M3,89.59,OK
2025-01-01T16:22:00,M3,102.04,WARN
2025-01-01T16:23:00,M2,118.67,OK
2025-01-01T16:24:00,M4,83.73,OK
2025-01-01T16:25:00,M2,115.05,WARN
2025-01-01T16:26:00,M4,99.03,WARN
2025-01-01T16:27:00,M2,113.37,OK
2025-01-01T16:28:00,M2,92.56,OK
2025-01-01T16:29:00,M3,83.09,ERROR
2025-01-01T16:30:00,M4,65.97,ERROR
2025-01-01T16:31:00,M6,55.86,ERROR
2025-01-01T16:32:00,M5,107.88,ERROR
2025-01-01T16:33:00,M3,65.42,ERROR
2025-01-01T16:34:00,M5,97.59,ERROR
2025-01-01T16:35:00,M3,68.79,ERROR
2025-01-01T16:36:00,M6,111.84,ERROR
2025-01-01T16:37:00,M3,87.2,WARN
2025-01-01T16:38:00,M4,72.8,OK
2025-01-01T16:39:00,M3,69.55,ERROR
2025-01-01T16:40:00,M6,98.14,OK
2025-01-01T16:41:00,M6,114.64,WARN
2025-01-01T16:42:00,M1,123.38,OK
2025-01-01T16:43:00,M6,86.33,WARN
2025-01-01T16:44:00,M5,112.78,WARN
2025-01-01T16:45:00,M1,120.6,ERROR
2025-01-01T16:46:00,M5,105.38,OK
2025-01-01T16:47:00,M3,65.07,WARN
2025-01-01T16:48:00,M5,90.97,WARN
2025-01-01T16:49:00,M6,59.61,ERROR
2025-01-01T16:50:00,M4,112.59,WARN
2025-01-01T16:51:00,M6,97.8,WARN
2025-01-01T16:52:00,M1,121.93,OK
2025-01-01T16:53:00,M5,124.36,OK
2025-01-01T16:54:00,M2,57.29,OK
2025-01-01T16:55:00,M5,94.1,OK
2025-01-01T16:56:00,M4,71.22,OK
2025-01-01T16:57:00,M6,92.31,ERROR
2025-01-01T16:58:00,M3,64.89,OK
2025-01-01T16:59:00,M5,123.06,WARN
2025-01-01T17:00:00,M2,58.3,WARN
2025-01-01T17:01:00,M5,102.83,WARN
2025-01-01T17:02:00,M1,123.44,OK
2025-01-01T17:03:00,M4,83.12,WARN
2025-01-01T17:04:00,M5,61.36,OK
2025-01-01T17:05:00,M1,121.78,ERROR
2025-01-01T17:06:00,M2,84.0,OK
2025-01-01T17:07:00,M6,102.38,OK
2025-01-01T17:08:00,M6,94.09,OK
2025-01-01T17:09:00,M4,122.97,ERROR
2025-01-01T17:10:00,M5,77.82,WARN
2025-01-01T17:11:00,M2,78.17,ERROR
2025-01-01T17:12:00,M4,90.46,OK
2025-01-01T17:13:00,M5,73.08,OK
2025-01-01T17:14:00,M6,58.24,ERROR
2025-01-01T17:15:00,M6,122.56,ERROR
2025-01-01T17:16:00,M5,91.34,ERROR
2025-01-01T17:17:00,M6,65.08,WARN
2025-01-01T17:18:00,M2,108.22,WARN
2025-01-01T17:19:00,M6,59.48,WARN
2025-01-01T17:20:00,M2,83.89,ERROR
2025-01-01T17:21:00,M3,101.87,OK
2025-01-01T17:22:00,M6,71.09,WARN
2025-01-01T17:23:00,M4,118.06,WARN
2025-01-01T17:24:00,M2,74.12,WARN
2025-01-01T17:25:00,M4,76.15,ERROR
2025-01-01T17:26:00,M3,90.92,WARN
2025-01-01T17:27:00,M3,94.22,WARN
2025-01-01T17:28:00,M3,84.16,OK
2025-01-01T17:29:00,M1,87.15,ERROR
2025-01-01T17:30:00,M5,67.58,OK
2025-01-01T17:31:00,M2,88.24,WARN
2025-01-01T17:32:00,M6,84.7,ERROR
2025-01-01T17:33:00,M6,112.9,ERROR
2025-01-01T17:34:00,M6,76.22,WARN
2025-01-01T17:35:00,M5,83.99,OK
2025-01-01T17:36:00,M6,101.89,WARN
2025-01-01T17:37:00,M5,90.72,OK
2025-01-01T17:38:00,M3,108.36,WARN
2025-01-01T17:39:00,M5,113.48,OK
2025-01-01T17:40:00,M6,77.22,ERROR
2025-01-01T17:41:00,M1,112.08,ERROR
2025-01-01T17:42:00,M3,90.12,WARN
2025-01-01T17:43:00,M2,79.27,OK
2025-01-01T17:44:00,M4,98.28,ERROR
2025-01-01T17:45:00,M5,63.51,ERROR
2025-01-01T17:46:00,M4,67.5,ERROR
2025-01-01T17:47:00,M1,103.9,OK
2025-01-01T17:48:00,M3,110.87,OK
2025-01-01T17:49:00,M4,89.66,WARN
2025-01-01T17:50:00,M1,116.89,WARN
2025-01-01T17:51:00,M5,80.55,ERROR
2025-01-01T17:52:00,M6,104.36,OK
2025-01-01T17:53:00,M5,64.78,WARN
2025-01-01T17:54:00,M1,101.91,OK
2025-01-01T17:55:00,M4,68.59,OK
2025-01-01T17:56:00,M5,88.47,OK
2025-01-01T17:57:00,M4,100.06,WARN
2025-01-01T17:58:00,M1,96.86,WARN
2025-01-01T17:59:00,M1,64.41,WARN
2025-01-01T18:00:00,M3,77.14,ERROR
2025-01-01T18:01:00,M3,90.15,WARN
2025-01-01T18:02:00,M4,106.45,ERROR
2025-01-01T18:03:00,M2,57.09,WARN
2025-01-01T18:04:00,M3,123.55,ERROR
2025-01-01T18:05:00,M3,114.11,OK
2025-01-01T18:06:00,M2,77.39,WARN
2025-01-01T18:07:00,M4,89.92,OK
2025-01-01T18:08:00,M2,83.49,OK
2025-01-01T18:09:00,M6,115.86,ERROR
2025-01-01T18:10:00,M5,91.24,WARN
2025-01-01T18:11:00,M3,78.02,OK
2025-01-01T18:12:00,M6,87.47,ERROR
2025-01-01T18:13:00,M4,63.45,ERROR
2025-01-01T18:14:00,M4,98.21,OK
2025-01-01T18:15:00,M1,103.07,WARN
2025-01-01T18:16:00,M3,122.78,OK
2025-01-01T18:17:00,M1,73.38,WARN
2025-01-01T18:18:00,M3,81.61,WARN
2025-01-01T18:19:00,M3,78.16,ERROR
2025-01-01T18:20:00,M2,111.07,OK
2025-01-01T18:21:00,M1,89.71,WARN
2025-01-01T18:22:00,M6,58.51,ERROR
2025-01-01T18:23:00,M4,102.35,ERROR
2025-01-01T18:24:00,M1,111.0,ERROR
2025-01-01T18:25:00,M1,79.8,ERROR
2025-01-01T18:26:00,M3,62.62,ERROR
2025-01-01T18:27:00,M5,86.3,WARN
2025-01-01T18:28:00,M5,91.81,ERROR
2025-01-01T18:29:00,M4,121.13,OK
2025-01-01T18:30:00,M5,118.6,ERROR
2025-01-01T18:31:00,M1,87.23,WARN
2025-01-01T18:32:00,M2,96.68,ERROR
2025-01-01T18:33:00,M4,79.58,ERROR
2025-01-01T18:34:00,M4,56.89,WARN
2025-01-01T18:35:00,M6,116.42,ERROR
2025-01-01T18:36:00,M5,82.24,ERROR
2025-01-01T18:37:00,M3,96.74,OK
2025-01-01T18:38:00,M2,122.36,ERROR
2025-01-01T18:39:00,M5,99.2,OK
2025-01-01T18:40:00,M2,120.7,OK
2025-01-01T18:41:00,M3,86.37,ERROR
2025-01-01T18:42:00,M1,79.58,ERROR
2025-01-01T18:43:00,M3,72.66,WARN
2025-01-01T18:44:00,M1,97.52,WARN
2025-01-01T18:45:00,M6,122.24,ERROR
2025-01-01T18:46:00,M6,75.27,WARN
2025-01-01T18:47:00,M6,118.54,WARN
2025-01-01T18:48:00,M3,89.37,WARN
2025-01-01T18:49:00,M6,117.89,ERROR
2025-01-01T18:50:00,M5,105.42,WARN
2025-01-01T18:51:00,M3,108.69,OK
2025-01-01T18:52:00,M5,118.84,ERROR
2025-01-01T18:53:00,M1,73.36,OK
2025-01-01T18:54:00,M2,122.22,ERROR
2025-01-01T18:55:00,M2,57.82,WARN
2025-01-01T18:56:00,M2,95.9,WARN
2025-01-01T18:57:00,M4,100.91,WARN
2025-01-01T18:58:00,M4,111.84,OK
2025-01-01T18:59:00,M6,79.51,OK
2025-01-01T19:00:00,M1,98.8,WARN
2025-01-01T19:01:00,M6,106.03,ERROR
2025-01-01T19:02:00,M3,100.36,OK
2025-01-01T19:03:00,M2,111.06,WARN
2025-01-01T19:04:00,M6,112.38,ERROR
2025-01-01T19:05:00,M3,76.26,ERROR
2025-01-01T19:06:00,M5,113.66,ERROR
2025-01-01T19:07:00,M1,81.98,WARN
2025-01-01T19:08:00,M3,106.37,OK
2025-01-01T19:09:00,M3,59.47,WARN
2025-01-01T19:10:00,M4,95.97,WARN
2025-01-01T19:11:00,M2,89.87,ERROR
2025-01-01T19:12:00,M5,80.89,WARN
2025-01-01T19:13:00,M1,114.83,ERROR
2025-01-01T19:14:00,M6,105.55,WARN
2025-01-01T19:15:00,M5,87.63,ERROR
2025-01-01T19:16:00,M5,66.91,OK
2025-01-01T19:17:00,M6,92.89,WARN
2025-01-01T19:18:00,M5,73.32,WARN
2025-01-01T19:19:00,M5,58.37,ERROR
2025-01-01T19:20:00,M2,102.12,OK
2025-01-01T19:21:00,M1,92.88,OK
2025-01-01T19:22:00,M1,74.02,ERROR
2025-01-01T19:23:00,M4,94.66,ERROR
2025-01-01T19:24:00,M1,117.36,WARN
2025-01-01T19:25:00,M2,62.87,WARN
2025-01-01T19:26:00,M5,60.73,ERROR
2025-01-01T19:27:00,M6,122.49,WARN
2025-01-01T19:28:00,M6,119.0,WARN
2025-01-01T19:29:00,M3,112.51,OK
2025-01-01T19:30:00,M3,86.73,OK
2025-01-01T19:31:00,M1,61.92,ERROR
2025-01-01T19:32:00,M3,118.23,WARN
2025-01-01T19:33:00,M2,58.42,ERROR
2025-01-01T19:34:00,M2,117.77,OK
2025-01-01T19:35:00,M3,104.43,WARN
2025-01-01T19:36:00,M2,86.26,WARN
2025-01-01T19:37:00,M6,63.0,OK
2025-01-01T19:38:00,M4,68.21,ERROR
2025-01-01T19:39:00,M1,122.81,OK
2025-01-01T19:40:00,M4,116.09,OK
2025-01-01T19:41:00,M4,83.29,OK
2025-01-01T19:42:00,M3,85.73,WARN
2025-01-01T19:43:00,M3,74.79,ERROR
2025-01-01T19:44:00,M1,73.77,WARN
2025-01-01T19:45:00,M6,106.32,ERROR
2025-01-01T19:46:00,M2,109.03,ERROR
2025-01-01T19:47:00,M4,69.44,ERROR
2025-01-01T19:48:00,M4,55.75,OK
2025-01-01T19:49:00,M5,107.08,WARN
2025-01-01T19:50:00,M5,123.17,WARN
2025-01-01T19:51:00,M5,84.28,WARN
2025-01-01T19:52:00,M2,88.68,OK
2025-01-01T19:53:00,M3,70.19,ERROR
2025-01-01T19:54:00,M1,110.24,WARN
2025-01-01T19:55:00,M5,111.04,WARN
2025-01-01T19:56:00,M4,64.18,OK
2025-01-01T19:57:00,M6,101.26,ERROR
2025-01-01T19:58:00,M5,85.47,WARN
2025-01-01T19:59:00,M6,112.2,WARN
2025-01-01T20:00:00,M5,99.49,OK
2025-01-01T20:01:00,M6,69.35,WARN
2025-01-01T20:02:00,M6,86.28,OK
2025-01-01T20:03:00,M6,123.41,OK
2025-01-01T20:04:00,M5,56.29,ERROR
2025-01-01T20:05:00,M1,79.9,WARN
2025-01-01T20:06:00,M6,112.78,ERROR
2025-01-01T20:07:00,M5,90.6,OK
2025-01-01T20:08:00,M3,82.75,ERROR
2025-01-01T20:09:00,M2,109.72,OK
2025-01-01T20:10:00,M1,97.26,WARN
2025-01-01T20:11:00,M6,85.86,OK
2025-01-01T20:12:00,M5,55.57,WARN
2025-01-01T20:13:00,M4,89.16,OK
2025-01-01T20:14:00,M2,105.93,WARN
2025-01-01T20:15:00,M6,63.49,ERROR
2025-01-01T20:16:00,M6,112.06,WARN
2025-01-01T20:17:00,M4,67.68,OK
2025-01-01T20:18:00,M6,73.32,ERROR
2025-01-01T20:19:00,M1,105.18,ERROR
2025-01-01T20:20:00,M6,115.64,ERROR
2025-01-01T20:21:00,M1,62.04,WARN
2025-01-01T20:22:00,M6,113.7,ERROR
2025-01-01T20:23:00,M3,87.3,ERROR
2025-01-01T20:24:00,M5,60.7,WARN
2025-01-01T20:25:00,M5,69.89,OK
2025-01-01T20:26:00,M6,106.17,WARN
2025-01-01T20:27:00,M6,79.76,WARN
2025-01-01T20:28:00,M3,84.25,WARN
2025-01-01T20:29:00,M1,100.7,ERROR
2025-01-01T20:30:00,M5,82.53,ERROR
2025-01-01T20:31:00,M4,94.44,OK
2025-01-01T20:32:00,M1,114.41,WARN
2025-01-01T20:33:00,M5,58.54,ERROR
2025-01-01T20:34:00,M6,64.01,OK
2025-01-01T20:35:00,M2,64.81,OK
2025-01-01T20:36:00,M5,60.26,OK
2025-01-01T20:37:00,M6,102.61,WARN
2025-01-01T20:38:00,M2,105.61,WARN
2025-01-01T20:39:00,M6,77.87,ERROR
2025-01-01T20:40:00,M3,123.4,ERROR
2025-01-01T20:41:00,M6,76.32,OK
2025-01-01T20:42:00,M4,84.63,ERROR
2025-01-01T20:43:00,M4,78.51,WARN
2025-01-01T20:44:00,M2,70.81,WARN
2025-01-01T20:45:00,M5,84.47,ERROR
2025-01-01T20:46:00,M4,95.98,ERROR
2025-01-01T20:47:00,M4,85.98,WARN
2025-01-01T20:48:00,M1,69.62,ERROR
2025-01-01T20:49:00,M5,120.04,ERROR
2025-01-01T20:50:00,M4,83.42,ERROR
2025-01-01T20:51:00,M4,55.27,WARN
2025-01-01T20:52:00,M5,81.65,WARN
2025-01-01T20:53:00,M6,109.64,OK
2025-01-01T20:54:00,M4,77.99,OK
2025-01-01T20:55:00,M4,119.46,WARN
2025-01-01T20:56:00,M5,93.49,WARN
2025-01-01T20:57:00,M2,93.33,ERROR
2025-01-01T20:58:00,M3,90.18,ERROR
2025-01-01T20:59:00,M1,98.27,OK
2025-01-01T21:00:00,M6,99.77,OK
2025-01-01T21:01:00,M3,56.89,ERROR
2025-01-01T21:02:00,M1,69.39,ERROR
2025-01-01T21:03:00,M1,95.13,ERROR
2025-01-01T21:04:00,M5,107.65,WARN
2025-01-01T21:05:00,M3,112.46,WARN
2025-01-01T21:06:00,M4,74.85,ERROR
2025-01-01T21:07:00,M1,79.94,OK
2025-01-01T21:08:00,M4,72.74,ERROR
2025-01-01T21:09:00,M5,105.55,OK
2025-01-01T21:10:00,M2,101.23,WARN
2025-01-01T21:11:00,M3,113.66,OK
2025-01-01T21:12:00,M1,120.71,ERROR
2025-01-01T21:13:00,M4,121.86,WARN
2025-01-01T21:14:00,M1,99.27,OK
2025-01-01T21:15:00,M6,86.54,ERROR
2025-01-01T21:16:00,M5,95.37,ERROR
2025-01-01T21:17:00,M3,108.61,ERROR
2025-01-01T21:18:00,M2,57.62,WARN
2025-01-01T21:19:00,M3,81.32,WARN
2025-01-01T21:20:00,M5,69.59,WARN
2025-01-01T21:21:00,M3,104.89,OK
2025-01-01T21:22:00,M1,87.69,WARN
2025-01-01T21:23:00,M2,88.87,ERROR
2025-01-01T21:24:00,M4,96.79,OK
2025-01-01T21:25:00,M1,108.87,WARN
2025-01-01T21:26:00,M3,77.67,WARN
2025-01-01T21:27:00,M6,105.56,ERROR
2025-01-01T21:28:00,M5,72.41,WARN
2025-01-01T21:29:00,M3,109.0,WARN
2025-01-01T21:30:00,M1,114.17,OK
2025-01-01T21:31:00,M5,72.41,OK
2025-01-01T21:32:00,M3,96.64,OK
2025-01-01T21:33:00,M2,56.55,OK
2025-01-01T21:34:00,M2,69.81,OK
2025-01-01T21:35:00,M3,68.39,WARN
2025-01-01T21:36:00,M5,65.07,WARN
2025-01-01T21:37:00,M3,95.71,WARN
2025-01-01T21:38:00,M2,69.38,ERROR
2025-01-01T21:39:00,M5,60.33,ERROR
2025-01-01T21:40:00,M2,88.23,ERROR
2025-01-01T21:41:00,M5,70.8,ERROR
2025-01-01T21:42:00,M4,64.61,ERROR
2025-01-01T21:43:00,M2,76.52,WARN
2025-01-01T21:44:00,M6,107.21,WARN
2025-01-01T21:45:00,M5,73.53,ERROR
2025-01-01T21:46:00,M6,56.6,ERROR
2025-01-01T21:47:00,M6,103.09,OK
2025-01-01T21:48:00,M4,119.03,ERROR
2025-01-01T21:49:00,M5,62.38,ERROR
2025-01-01T21:50:00,M4,60.75,WARN
2025-01-01T21:51:00,M3,85.01,ERROR
2025-01-01T21:52:00,M1,94.45,OK
2025-01-01T21:53:00,M5,62.6,ERROR
2025-01-01T21:54:00,M1,89.23,WARN
2025-01-01T21:55:00,M5,80.54,OK
2025-01-01T21:56:00,M3,77.0,OK
2025-01-01T21:57:00,M6,65.06,ERROR
2025-01-01T21:58:00,M6,104.0,ERROR
2025-01-01T21:59:00,M3,122.53,WARN
2025-01-01T22:00:00,M3,112.58,OK
2025-01-01T22:01:00,M4,58.99,WARN
2025-01-01T22:02:00,M3,76.9,WARN
2025-01-01T22:03:00,M4,99.52,WARN
2025-01-01T22:04:00,M3,101.0,OK
2025-01-01T22:05:00,M6,102.92,ERROR
2025-01-01T22:06:00,M2,60.71,WARN
2025-01-01T22:07:00,M2,88.77,ERROR
2025-01-01T22:08:00,M3,80.2,ERROR
2025-01-01T22:09:00,M6,110.23,WARN
2025-01-01T22:10:00,M2,123.47,OK
2025-01-01T22:11:00,M4,81.61,WARN
2025-01-01T22:12:00,M5,124.64,ERROR
2025-01-01T22:13:00,M5,94.78,WARN
2025-01-01T22:14:00,M4,78.66,OK
2025-01-01T22:15:00,M2,101.72,WARN
2025-01-01T22:16:00,M1,68.62,WARN
2025-01-01T22:17:00,M5,87.03,WARN
2025-01-01T22:18:00,M4,95.51,WARN
2025-01-01T22:19:00,M3,68.05,WARN
2025-01-01T22:20:00,M6,98.86,OK
2025-01-01T22:21:00,M1,116.73,OK
2025-01-01T22:22:00,M1,97.36,WARN
2025-01-01T22:23:00,M2,93.09,ERROR
2025-01-01T22:24:00,M1,110.99,ERROR
2025-01-01T22:25:00,M5,61.32,ERROR
2025-01-01T22:26:00,M1,66.65,OK
2025-01-01T22:27:00,M6,76.39,WARN
2025-01-01T22:28:00,M6,82.18,OK
2025-01-01T22:29:00,M1,98.78,ERROR
2025-01-01T22:30:00,M1,55.68,ERROR
2025-01-01T22:31:00,M6,72.06,ERROR
2025-01-01T22:32:00,M6,73.52,WARN
2025-01-01T22:33:00,M3,55.44,WARN
2025-01-01T22:34:00,M1,65.25,WARN
2025-01-01T22:35:00,M1,124.43,OK
2025-01-01T22:36:00,M5,86.74,WARN
2025-01-01T22:37:00,M6,57.47,WARN
2025-01-01T22:38:00,M5,108.47,OK
2025-01-01T22:39:00,M2,77.32,OK
2025-01-01T22:40:00,M6,95.91,ERROR
2025-01-01T22:41:00,M1,72.48,WARN
2025-01-01T22:42:00,M6,75.4,ERROR
2025-01-01T22:43:00,M1,97.27,ERROR
2025-01-01T22:44:00,M1,101.21,ERROR
2025-01-01T22:45:00,M5,106.71,WARN
2025-01-01T22:46:00,M2,74.33,OK
2025-01-01T22:47:00,M5,109.11,OK
2025-01-01T22:48:00,M5,76.95,ERROR
2025-01-01T22:49:00,M4,88.09,OK
2025-01-01T22:50:00,M2,75.93,ERROR
2025-01-01T22:51:00,M6,108.07,ERROR
2025-01-01T22:52:00,M5,114.08,WARN
2025-01-01T22:53:00,M4,88.56,WARN
2025-01-01T22:54:00,M6,91.31,ERROR
2025-01-01T22:55:00,M3,85.54,ERROR
2025-01-01T22:56:00,M5,75.72,WARN
2025-01-01T22:57:00,M1,80.05,OK
2025-01-01T22:58:00,M6,105.84,OK
2025-01-01T22:59:00,M6,115.2,WARN
2025-01-01T23:00:00,M2,75.93,WARN
2025-01-01T23:01:00,M4,123.13,OK
2025-01-01T23:02:00,M2,103.74,OK
2025-01-01T23:03:00,M3,59.62,WARN
2025-01-01T23:04:00,M4,89.05,OK
2025-01-01T23:05:00,M4,91.64,WARN
2025-01-01T23:06:00,M4,115.23,OK
2025-01-01T23:07:00,M5,87.55,WARN
2025-01-01T23:08:00,M3,90.38,ERROR
2025-01-01T23:09:00,M5,69.1,ERROR
2025-01-01T23:10:00,M1,81.04,WARN
2025-01-01T23:11:00,M1,58.09,OK
2025-01-01T23:12:00,M3,89.64,WARN
2025-01-01T23:13:00,M4,105.55,ERROR
2025-01-01T23:14:00,M2,56.28,OK
2025-01-01T23:15:00,M6,87.05,WARN
2025-01-01T23:16:00,M2,78.08,OK
2025-01-01T23:17:00,M1,70.29,WARN
2025-01-01T23:18:00,M3,123.34,OK
2025-01-01T23:19:00,M5,62.32,ERROR
2025-01-01T23:20:00,M6,61.72,OK
2025-01-01T23:21:00,M6,69.19,WARN
2025-01-01T23:22:00,M5,104.02,OK
2025-01-01T23:23:00,M6,88.71,WARN
2025-01-01T23:24:00,M3,107.64,OK
2025-01-01T23:25:00,M4,69.32,WARN
2025-01-01T23:26:00,M3,113.43,ERROR
2025-01-01T23:27:00,M3,57.78,ERROR
2025-01-01T23:28:00,M4,114.62,WARN
2025-01-01T23:29:00,M4,83.02,OK
2025-01-01T23:30:00,M6,102.8,WARN
2025-01-01T23:31:00,M2,96.42,WARN
2025-01-01T23:32:00,M1,94.56,OK
2025-01-01T23:33:00,M1,60.29,WARN
2025-01-01T23:34:00,M3,67.12,OK
2025-01-01T23:35:00,M6,107.74,ERROR
2025-01-01T23:36:00,M4,109.39,WARN
2025-01-01T23:37:00,M5,65.9,OK
2025-01-01T23:38:00,M6,76.22,ERROR
2025-01-01T23:39:00,M3,86.24,OK
2025-01-01T23:40:00,M2,88.86,ERROR
2025-01-01T23:41:00,M3,69.45,WARN
2025-01-01T23:42:00,M4,86.38,OK
2025-01-01T23:43:00,M6,103.06,WARN
2025-01-01T23:44:00,M6,111.0,ERROR
2025-01-01T23:45:00,M3,118.56,OK
2025-01-01T23:46:00,M2,102.24,OK
2025-01-01T23:47:00,M5,102.66,OK
2025-01-01T23:48:00,M3,107.32,ERROR
2025-01-01T23:49:00,M3,109.22,OK
2025-01-01T23:50:00,M4,75.52,OK
2025-01-01T23:51:00,M2,76.18,ERROR
2025-01-01T23:52:00,M6,100.05,OK
2025-01-01T23:53:00,M4,70.19,WARN
2025-01-01T23:54:00,M6,70.78,ERROR
2025-01-01T23:55:00,M4,122.41,OK
2025-01-01T23:56:00,M4,114.12,OK
2025-01-01T23:57:00,M6,107.98,WARN
2025-01-01T23:58:00,M4,75.24,WARN
2025-01-01T23:59:00,M2,72.88,WARN
2025-01-02T00:00:00,M2,109.74,OK
2025-01-02T00:01:00,M1,55.96,WARN
2025-01-02T00:02:00,M1,90.11,ERROR
2025-01-02T00:03:00,M5,65.98,OK
2025-01-02T00:04:00,M1,121.62,OK
2025-01-02T00:05:00,M5,85.55,WARN
2025-01-02T00:06:00,M1,58.72,ERROR
2025-01-02T00:07:00,M4,107.2,OK
2025-01-02T00:08:00,M6,71.67,OK
2025-01-02T00:09:00,M2,118.23,WARN
2025-01-02T00:10:00,M3,95.77,WARN
2025-01-02T00:11:00,M1,116.91,WARN
2025-01-02T00:12:00,M1,105.28,OK
2025-01-02T00:13:00,M4,72.27,WARN
2025-01-02T00:14:00,M4,99.65,OK
2025-01-02T00:15:00,M2,91.93,OK
2025-01-02T00:16:00,M4,100.36,ERROR
2025-01-02T00:17:00,M4,91.05,OK
2025-01-02T00:18:00,M1,97.08,WARN
2025-01-02T00:19:00,M6,108.96,ERROR
2025-01-02T00:20:00,M1,56.55,WARN
2025-01-02T00:21:00,M1,100.64,ERROR
2025-01-02T00:22:00,M6,62.38,ERROR
2025-01-02T00:23:00,M3,81.73,WARN
2025-01-02T00:24:00,M5,64.39,WARN
2025-01-02T00:25:00,M4,72.3,WARN
2025-01-02T00:26:00,M2,107.55,WARN
2025-01-02T00:27:00,M4,108.82,ERROR
2025-01-02T00:28:00,M1,82.83,OK
2025-01-02T00:29:00,M1,80.25,ERROR
2025-01-02T00:30:00,M1,89.07,WARN
2025-01-02T00:31:00,M1,96.08,WARN
2025-01-02T00:32:00,M5,117.59,ERROR
2025-01-02T00:33:00,M2,117.84,WARN
2025-01-02T00:34:00,M5,103.46,WARN
2025-01-02T00:35:00,M1,118.64,ERROR
2025-01-02T00:36:00,M2,124.57,ERROR
2025-01-02T00:37:00,M1,112.45,OK
2025-01-02T00:38:00,M1,82.12,OK
2025-01-02T00:39:00,M1,88.93,ERROR
2025-01-02T00:40:00,M3,55.79,ERROR
2025-01-02T00:41:00,M6,76.64,OK
2025-01-02T00:42:00,M3,99.35,WARN
2025-01-02T00:43:00,M6,70.76,WARN
2025-01-02T00:44:00,M2,64.75,OK
2025-01-02T00:45:00,M3,71.16,ERROR
2025-01-02T00:46:00,M4,76.8,WARN
2025-01-02T00:47:00,M4,78.15,WARN
2025-01-02T00:48:00,M4,100.52,OK
2025-01-02T00:49:00,M3,118.1,WARN
2025-01-02T00:50:00,M6,68.52,ERROR
2025-01-02T00:51:00,M5,67.07,ERROR
2025-01-02T00:52:00,M2,106.07,WARN
2025-01-02T00:53:00,M4,60.66,ERROR
2025-01-02T00:54:00,M1,72.79,ERROR
2025-01-02T00:55:00,M4,112.47,WARN
2025-01-02T00:56:00,M1,108.58,ERROR
2025-01-02T00:57:00,M6,124.66,OK
2025-01-02T00:58:00,M3,67.13,ERROR
2025-01-02T00:59:00,M6,97.06,OK
2025-01-02T01:00:00,M6,71.22,ERROR
2025-01-02T01:01:00,M2,89.59,OK
2025-01-02T01:02:00,M2,106.39,ERROR
2025-01-02T01:03:00,M6,64.35,OK
2025-01-02T01:04:00,M4,80.49,ERROR
2025-01-02T01:05:00,M5,81.84,OK
2025-01-02T01:06:00,M4,57.24,OK
2025-01-02T01:07:00,M4,112.05,ERROR
2025-01-02T01:08:00,M5,80.68,WARN
2025-01-02T01:09:00,M4,106.31,ERROR
2025-01-02T01:10:00,M4,109.45,ERROR
2025-01-02T01:11:00,M4,99.89,WARN
2025-01-02T01:12:00,M4,110.83,OK
2025-01-02T01:13:00,M6,109.47,OK
2025-01-02T01:14:00,M3,101.29,WARN
2025-01-02T01:15:00,M6,123.37,WARN
2025-01-02T01:16:00,M2,81.52,ERROR
2025-01-02T01:17:00,M3,65.73,WARN
2025-01-02T01:18:00,M4,107.35,WARN
2025-01-02T01:19:00,M3,105.75,WARN
2025-01-02T01:20:00,M6,116.97,ERROR
2025-01-02T01:21:00,M4,62.26,ERROR
2025-01-02T01:22:00,M1,114.01,ERROR
2025-01-02T01:23:00,M1,69.81,ERROR
2025-01-02T01:24:00,M5,108.02,WARN
2025-01-02T01:25:00,M3,106.37,OK
2025-01-02T01:26:00,M1,75.45,OK
2025-01-02T01:27:00,M4,79.89,OK
2025-01-02T01:28:00,M3,83.89,OK
2025-01-02T01:29:00,M5,118.88,WARN
2025-01-02T01:30:00,M5,98.84,OK
2025-01-02T01:31:00,M2,113.7,ERROR
2025-01-02T01:32:00,M5,55.24,OK
2025-01-02T01:33:00,M4,98.85,WARN
2025-01-02T01:34:00,M5,85.1,WARN
2025-01-02T01:35:00,M6,67.78,ERROR
2025-01-02T01:36:00,M3,109.34,OK
2025-01-02T01:37:00,M1,93.89,ERROR
2025-01-02T01:38:00,M1,96.27,WARN
2025-01-02T01:39:00,M5,108.05,ERROR
2025-01-02T01:40:00,M2,107.93,WARN
2025-01-02T01:41:00,M1,72.47,WARN
2025-01-02T01:42:00,M5,118.06,OK
2025-01-02T01:43:00,M3,105.45,OK
2025-01-02T01:44:00,M2,97.04,OK
2025-01-02T01:45:00,M1,88.0,WARN
2025-01-02T01:46:00,M6,124.67,OK
2025-01-02T01:47:00,M3,84.31,WARN
2025-01-02T01:48:00,M4,106.15,ERROR
2025-01-02T01:49:00,M5,72.82,OK
2025-01-02T01:50:00,M4,113.71,WARN
2025-01-02T01:51:00,M5,71.25,ERROR
2025-01-02T01:52:00,M3,68.58,WARN
2025-01-02T01:53:00,M6,85.45,ERROR
2025-01-02T01:54:00,M5,102.47,WARN
2025-01-02T01:55:00,M5,111.47,ERROR
2025-01-02T01:56:00,M3,68.16,ERROR
2025-01-02T01:57:00,M5,86.63,WARN
2025-01-02T01:58:00,M4,72.1,ERROR
2025-01-02T01:59:00,M4,66.51,WARN
2025-01-02T02:00:00,M4,87.7,ERROR
2025-01-02T02:01:00,M1,119.91,WARN
2025-01-02T02:02:00,M6,98.1,OK
2025-01-02T02:03:00,M4,123.34,WARN
2025-01-02T02:04:00,M1,89.89,ERROR
2025-01-02T02:05:00,M5,71.58,OK
2025-01-02T02:06:00,M4,58.11,ERROR
2025-01-02T02:07:00,M5,111.77,ERROR
2025-01-02T02:08:00,M5,69.3,OK
2025-01-02T02:09:00,M6,98.0,WARN
2025-01-02T02:10:00,M6,112.65,OK
2025-01-02T02:11:00,M1,63.7,WARN
2025-01-02T02:12:00,M3,74.63,OK
2025-01-02T02:13:00,M6,91.69,ERROR
2025-01-02T02:14:00,M2,79.27,OK
2025-01-02T02:15:00,M3,90.21,ERROR
2025-01-02T02:16:00,M4,58.82,ERROR
2025-01-02T02:17:00,M4,67.09,OK
2025-01-02T02:18:00,M5,95.36,WARN
2025-01-02T02:19:00,M4,82.09,ERROR
2025-01-02T02:20:00,M1,87.8,WARN
2025-01-02T02:21:00,M5,97.43,ERROR
2025-01-02T02:22:00,M3,118.74,OK
2025-01-02T02:23:00,M6,109.99,ERROR
2025-01-02T02:24:00,M1,98.58,ERROR
2025-01-02T02:25:00,M4,84.68,WARN
2025-01-02T02:26:00,M2,59.52,ERROR
2025-01-02T02:27:00,M2,113.77,OK
2025-01-02T02:28:00,M3,65.8,ERROR
2025-01-02T02:29:00,M6,79.22,ERROR
2025-01-02T02:30:00,M6,63.06,OK
2025-01-02T02:31:00,M1,55.06,OK
2025-01-02T02:32:00,M4,92.07,ERROR
2025-01-02T02:33:00,M1,81.07,WARN
2025-01-02T02:34:00,M4,122.21,ERROR
2025-01-02T02:35:00,M3,75.11,OK
2025-01-02T02:36:00,M5,121.19,OK
2025-01-02T02:37:00,M1,68.65,OK
2025-01-02T02:38:00,M5,96.18,OK
2025-01-02T02:39:00,M1,105.08,WARN
2025-01-02T02:40:00,M2,101.22,WARN
2025-01-02T02:41:00,M1,91.06,OK
2025-01-02T02:42:00,M4,90.62,ERROR
2025-01-02T02:43:00,M6,107.0,ERROR
2025-01-02T02:44:00,M1,91.57,WARN
2025-01-02T02:45:00,M5,94.09,ERROR
2025-01-02T02:46:00,M3,69.26,ERROR
2025-01-02T02:47:00,M3,115.83,ERROR
2025-01-02T02:48:00,M5,108.3,ERROR
2025-01-02T02:49:00,M3,59.5,WARN
2025-01-02T02:50:00,M4,73.01,WARN
2025-01-02T02:51:00,M1,111.79,WARN
2025-01-02T02:52:00,M6,114.42,WARN
2025-01-02T02:53:00,M6,72.52,ERROR
2025-01-02T02:54:00,M5,83.95,OK
2025-01-02T02:55:00,M6,59.9,WARN
2025-01-02T02:56:00,M4,78.69,OK
2025-01-02T02:57:00,M4,83.6,ERROR
2025-01-02T02:58:00,M5,65.39,ERROR
2025-01-02T02:59:00,M5,123.29,WARN
2025-01-02T03:00:00,M3,124.2,ERROR
2025-01-02T03:01:00,M5,75.87,WARN
2025-01-02T03:02:00,M4,89.11,WARN
2025-01-02T03:03:00,M5,76.79,OK
2025-01-02T03:04:00,M5,116.89,ERROR
2025-01-02T03:05:00,M6,92.47,WARN
2025-01-02T03:06:00,M5,82.04,OK
2025-01-02T03:07:00,M5,104.32,ERROR
2025-01-02T03:08:00,M6,65.46,ERROR
2025-01-02T03:09:00,M5,109.62,WARN
2025-01-02T03:10:00,M3,100.61,ERROR
2025-01-02T03:11:00,M3,102.81,OK
2025-01-02T03:12:00,M1,102.95,WARN
2025-01-02T03:13:00,M2,107.57,OK
2025-01-02T03:14:00,M1,96.46,OK
2025-01-02T03:15:00,M2,105.52,OK
2025-01-02T03:16:00,M2,90.49,ERROR
2025-01-02T03:17:00,M3,113.74,WARN
2025-01-02T03:18:00,M6,117.1,WARN
2025-01-02T03:19:00,M4,64.96,OK
2025-01-02T03:20:00,M3,116.39,OK
2025-01-02T03:21:00,M6,92.9,WARN
2025-01-02T03:22:00,M6,108.31,WARN
2025-01-02T03:23:00,M5,111.67,ERROR
2025-01-02T03:24:00,M6,117.63,OK
2025-01-02T03:25:00,M5,74.05,WARN
2025-01-02T03:26:00,M1,81.67,ERROR
2025-01-02T03:27:00,M3,80.41,OK
2025-01-02T03:28:00,M1,95.58,WARN
2025-01-02T03:29:00,M6,90.75,WARN
2025-01-02T03:30:00,M6,100.24,ERROR
2025-01-02T03:31:00,M1,70.79,ERROR
2025-01-02T03:32:00,M2,83.2,ERROR
2025-01-02T03:33:00,M2,75.73,OK
2025-01-02T03:34:00,M4,110.31,WARN
2025-01-02T03:35:00,M3,122.24,ERROR
2025-01-02T03:36:00,M2,121.19,WARN
2025-01-02T03:37:00,M1,67.58,ERROR
2025-01-02T03:38:00,M4,86.59,OK
2025-01-02T03:39:00,M3,97.05,OK
2025-01-02T03:40:00,M6,114.14,ERROR
2025-01-02T03:41:00,M4,62.57,ERROR
2025-01-02T03:42:00,M4,57.21,WARN
2025-01-02T03:43:00,M4,109.6,OK
2025-01-02T03:44:00,M6,115.81,WARN
2025-01-02T03:45:00,M4,70.75,ERROR
2025-01-02T03:46:00,M3,119.86,OK
2025-01-02T03:47:00,M2,89.88,WARN
2025-01-02T03:48:00,M3,116.56,WARN
2025-01-02T03:49:00,M2,103.28,WARN
2025-01-02T03:50:00,M3,110.13,ERROR
2025-01-02T03:51:00,M1,124.06,OK
2025-01-02T03:52:00,M1,101.65,WARN
2025-01-02T03:53:00,M6,55.11,WARN
2025-01-02T03:54:00,M3,72.49,ERROR
2025-01-02T03:55:00,M6,111.29,WARN
2025-01-02T03:56:00,M2,56.15,WARN
2025-01-02T03:57:00,M6,115.83,WARN
2025-01-02T03:58:00,M4,124.6,OK
2025-01-02T03:59:00,M3,74.27,OK
2025-01-02T04:00:00,M6,78.96,OK
2025-01-02T04:01:00,M6,104.72,ERROR
2025-01-02T04:02:00,M5,62.66,OK
2025-01-02T04:03:00,M6,93.03,ERROR
2025-01-02T04:04:00,M3,96.1,OK
2025-01-02T04:05:00,M3,109.53,ERROR
2025-01-02T04:06:00,M1,107.01,OK
2025-01-02T04:07:00,M6,109.84,WARN
2025-01-02T04:08:00,M6,64.34,OK
2025-01-02T04:09:00,M2,114.99,WARN
2025-01-02T04:10:00,M4,115.97,OK
2025-01-02T04:11:00,M3,111.62,WARN
2025-01-02T04:12:00,M5,108.19,ERROR
2025-01-02T04:13:00,M1,61.51,ERROR
2025-01-02T04:14:00,M6,113.12,WARN
2025-01-02T04:15:00,M4,121.14,WARN
2025-01-02T04:16:00,M1,94.67,OK
2025-01-02T04:17:00,M2,115.83,OK
2025-01-02T04:18:00,M5,115.22,WARN
2025-01-02T04:19:00,M6,69.6,ERROR
2025-01-02T04:20:00,M1,62.24,OK
2025-01-02T04:21:00,M6,64.43,OK
2025-01-02T04:22:00,M2,78.9,OK
2025-01-02T04:23:00,M2,87.03,ERROR
2025-01-02T04:24:00,M6,79.5,ERROR
2025-01-02T04:25:00,M3,74.26,WARN
2025-01-02T04:26:00,M6,67.17,OK
2025-01-02T04:27:00,M5,89.98,ERROR
2025-01-02T04:28:00,M2,81.42,OK
2025-01-02T04:29:00,M2,119.58,OK
2025-01-02T04:30:00,M6,69.26,OK
2025-01-02T04:31:00,M4,76.23,ERROR
2025-01-02T04:32:00,M3,119.37,WARN
2025-01-02T04:33:00,M5,98.61,ERROR
2025-01-02T04:34:00,M4,62.8,WARN
2025-01-02T04:35:00,M5,105.19,ERROR
2025-01-02T04:36:00,M5,66.09,ERROR
2025-01-02T04:37:00,M2,99.69,ERROR
2025-01-02T04:38:00,M2,88.42,ERROR
2025-01-02T04:39:00,M5,112.16,WARN
2025-01-02T04:40:00,M6,124.29,WARN
2025-01-02T04:41:00,M2,124.19,WARN
2025-01-02T04:42:00,M4,59.93,OK
2025-01-02T04:43:00,M4,122.45,WARN
2025-01-02T04:44:00,M2,99.88,WARN
2025-01-02T04:45:00,M4,105.74,WARN
2025-01-02T04:46:00,M2,103.01,ERROR
2025-01-02T04:47:00,M2,122.95,WARN
2025-01-02T04:48:00,M4,70.38,ERROR
2025-01-02T04:49:00,M3,95.08,OK
2025-01-02T04:50:00,M3,67.15,OK
2025-01-02T04:51:00,M3,94.68,WARN
2025-01-02T04:52:00,M2,102.96,OK
2025-01-02T04:53:00,M2,97.55,ERROR
2025-01-02T04:54:00,M5,56.21,WARN
2025-01-02T04:55:00,M1,61.74,WARN
2025-01-02T04:56:00,M5,96.78,WARN
2025-01-02T04:57:00,M1,107.35,OK
2025-01-02T04:58:00,M1,124.17,OK
2025-01-02T04:59:00,M6,63.87,ERROR
2025-01-02T05:00:00,M2,90.86,WARN
2025-01-02T05:01:00,M1,63.73,OK
2025-01-02T05:02:00,M2,75.6,WARN
2025-01-02T05:03:00,M2,121.47,WARN
2025-01-02T05:04:00,M6,89.84,WARN
2025-01-02T05:05:00,M4,75.45,WARN
2025-01-02T05:06:00,M2,84.6,WARN
2025-01-02T05:07:00,M6,98.61,WARN
2025-01-02T05:08:00,M5,84.24,ERROR
2025-01-02T05:09:00,M1,96.66,WARN
2025-01-02T05:10:00,M4,114.83,WARN
2025-01-02T05:11:00,M4,87.17,OK
2025-01-02T05:12:00,M1,75.6,ERROR
2025-01-02T05:13:00,M3,106.82,ERROR
2025-01-02T05:14:00,M1,78.31,ERROR
2025-01-02T05:15:00,M6,93.25,ERROR
2025-01-02T05:16:00,M6,104.26,ERROR
2025-01-02T05:17:00,M4,74.27,ERROR
2025-01-02T05:18:00,M1,117.87,OK
2025-01-02T05:19:00,M4,103.35,ERROR
2025-01-02T05:20:00,M2,82.24,WARN
2025-01-02T05:21:00,M4,63.01,OK
2025-01-02T05:22:00,M1,62.8,ERROR
2025-01-02T05:23:00,M1,93.41,OK
2025-01-02T05:24:00,M1,99.54,WARN
2025-01-02T05:25:00,M3,81.2,WARN
2025-01-02T05:26:00,M5,119.82,WARN
2025-01-02T05:27:00,M6,66.04,OK
2025-01-02T05:28:00,M1,92.02,OK
2025-01-02T05:29:00,M5,88.05,ERROR
2025-01-02T05:30:00,M3,57.72,WARN
2025-01-02T05:31:00,M4,67.74,WARN
2025-01-02T05:32:00,M6,65.32,WARN
2025-01-02T05:33:00,M6,70.92,WARN
2025-01-02T05:34:00,M1,69.14,WARN
2025-01-02T05:35:00,M4,95.77,WARN
2025-01-02T05:36:00,M2,104.33,WARN
2025-01-02T05:37:00,M2,117.16,OK
2025-01-02T05:38:00,M3,123.32,WARN
2025-01-02T05:39:00,M5,63.58,OK
2025-01-02T05:40:00,M6,84.09,WARN
2025-01-02T05:41:00,M3,62.88,ERROR
2025-01-02T05:42:00,M1,89.9,OK
2025-01-02T05:43:00,M3,115.37,OK
2025-01-02T05:44:00,M3,115.02,WARN
2025-01-02T05:45:00,M4,91.44,OK
2025-01-02T05:46:00,M5,95.23,WARN
2025-01-02T05:47:00,M2,118.78,WARN
2025-01-02T05:48:00,M6,118.55,ERROR
2025-01-02T05:49:00,M5,60.53,ERROR
2025-01-02T05:50:00,M3,120.91,ERROR
2025-01-02T05:51:00,M6,61.68,OK
2025-01-02T05:52:00,M6,110.34,OK
2025-01-02T05:53:00,M1,90.41,OK
2025-01-02T05:54:00,M5,112.68,OK
2025-01-02T05:55:00,M4,91.67,ERROR
2025-01-02T05:56:00,M6,99.9,ERROR
2025-01-02T05:57:00,M6,119.05,ERROR
2025-01-02T05:58:00,M5,65.06,OK
2025-01-02T05:59:00,M2,71.1,WARN
2025-01-02T06:00:00,M5,98.63,WARN
2025-01-02T06:01:00,M6,88.74,OK
2025-01-02T06:02:00,M2,114.89,WARN
2025-01-02T06:03:00,M5,99.92,WARN
2025-01-02T06:04:00,M4,90.69,OK
2025-01-02T06:05:00,M5,96.08,ERROR
2025-01-02T06:06:00,M2,85.97,WARN
2025-01-02T06:07:00,M5,61.69,OK
2025-01-02T06:08:00,M6,99.51,ERROR
2025-01-02T06:09:00,M6,99.23,ERROR
2025-01-02T06:10:00,M4,64.7,ERROR
2025-01-02T06:11:00,M1,86.07,WARN
2025-01-02T06:12:00,M2,73.71,ERROR
2025-01-02T06:13:00,M5,112.35,ERROR
2025-01-02T06:14:00,M5,61.91,ERROR
2025-01-02T06:15:00,M5,71.86,OK
2025-01-02T06:16:00,M5,84.51,OK
2025-01-02T06:17:00,M3,65.93,WARN
2025-01-02T06:18:00,M2,124.52,WARN
2025-01-02T06:19:00,M2,73.41,OK
2025-01-02T06:20:00,M3,57.29,ERROR
2025-01-02T06:21:00,M2,70.31,WARN
2025-01-02T06:22:00,M5,114.35,WARN
2025-01-02T06:23:00,M1,97.88,WARN
2025-01-02T06:24:00,M2,72.9,WARN
2025-01-02T06:25:00,M1,68.74,ERROR
2025-01-02T06:26:00,M4,56.33,ERROR
2025-01-02T06:27:00,M5,122.5,ERROR
2025-01-02T06:28:00,M6,105.65,OK
2025-01-02T06:29:00,M5,108.48,WARN
2025-01-02T06:30:00,M1,67.24,WARN
2025-01-02T06:31:00,M2,120.88,WARN
2025-01-02T06:32:00,M5,69.28,WARN
2025-01-02T06:33:00,M4,84.34,OK
2025-01-02T06:34:00,M3,86.01,WARN
2025-01-02T06:35:00,M5,109.54,OK
2025-01-02T06:36:00,M1,86.52,OK
2025-01-02T06:37:00,M4,88.83,OK
2025-01-02T06:38:00,M1,63.84,ERROR
2025-01-02T06:39:00,M5,70.46,OK
2025-01-02T06:40:00,M6,77.95,OK
2025-01-02T06:41:00,M3,71.24,WARN
2025-01-02T06:42:00,M1,95.39,OK
2025-01-02T06:43:00,M2,92.46,WARN
2025-01-02T06:44:00,M3,69.72,OK
2025-01-02T06:45:00,M6,67.52,ERROR
2025-01-02T06:46:00,M1,71.95,WARN
2025-01-02T06:47:00,M1,95.3,ERROR
2025-01-02T06:48:00,M2,67.69,WARN
2025-01-02T06:49:00,M5,67.0,ERROR
2025-01-02T06:50:00,M3,93.3,ERROR
2025-01-02T06:51:00,M3,74.19,ERROR
2025-01-02T06:52:00,M2,59.05,ERROR
2025-01-02T06:53:00,M2,113.39,OK
2025-01-02T06:54:00,M5,86.64,WARN
2025-01-02T06:55:00,M6,124.12,WARN
2025-01-02T06:56:00,M6,68.66,WARN
2025-01-02T06:57:00,M1,77.54,WARN
2025-01-02T06:58:00,M6,118.79,ERROR
2025-01-02T06:59:00,M2,119.22,OK
2025-01-02T07:00:00,M2,75.51,OK
2025-01-02T07:01:00,M1,74.5,OK
2025-01-02T07:02:00,M5,89.55,OK
2025-01-02T07:03:00,M3,61.95,WARN
2025-01-02T07:04:00,M2,107.81,OK
2025-01-02T07:05:00,M6,70.33,WARN
2025-01-02T07:06:00,M5,122.11,OK
2025-01-02T07:07:00,M5,81.71,WARN
2025-01-02T07:08:00,M2,111.38,OK
2025-01-02T07:09:00,M1,68.26,WARN
2025-01-02T07:10:00,M5,81.79,ERROR
2025-01-02T07:11:00,M6,89.98,ERROR
2025-01-02T07:12:00,M6,77.72,WARN
2025-01-02T07:13:00,M2,122.91,WARN
2025-01-02T07:14:00,M5,70.69,WARN
2025-01-02T07:15:00,M1,123.72,OK
2025-01-02T07:16:00,M2,117.94,ERROR
2025-01-02T07:17:00,M2,56.53,WARN
2025-01-02T07:18:00,M5,90.0,WARN
2025-01-02T07:19:00,M3,102.73,ERROR
2025-01-02T07:20:00,M4,68.88,ERROR
2025-01-02T07:21:00,M5,116.98,ERROR
2025-01-02T07:22:00,M4,72.85,WARN
2025-01-02T07:23:00,M3,90.24,WARN
2025-01-02T07:24:00,M6,55.71,OK
2025-01-02T07:25:00,M4,77.23,OK
2025-01-02T07:26:00,M5,120.74,WARN
2025-01-02T07:27:00,M5,68.87,OK
2025-01-02T07:28:00,M5,61.85,ERROR
2025-01-02T07:29:00,M5,81.7,ERROR
2025-01-02T07:30:00,M2,105.74,WARN
2025-01-02T07:31:00,M1,70.11,OK
2025-01-02T07:32:00,M2,59.33,OK
2025-01-02T07:33:00,M4,65.36,WARN
2025-01-02T07:34:00,M4,82.31,OK
2025-01-02T07:35:00,M5,88.55,OK
2025-01-02T07:36:00,M1,122.87,ERROR
2025-01-02T07:37:00,M1,121.54,OK
2025-01-02T07:38:00,M2,90.2,ERROR
2025-01-02T07:39:00,M1,60.02,ERROR
2025-01-02T07:40:00,M6,116.12,WARN
2025-01-02T07:41:00,M3,96.88,OK
2025-01-02T07:42:00,M5,84.17,WARN
2025-01-02T07:43:00,M5,72.02,OK
2025-01-02T07:44:00,M2,123.38,WARN
2025-01-02T07:45:00,M2,100.14,ERROR
2025-01-02T07:46:00,M3,70.65,WARN
2025-01-02T07:47:00,M3,87.85,WARN
2025-01-02T07:48:00,M6,121.87,ERROR
2025-01-02T07:49:00,M1,65.16,ERROR
2025-01-02T07:50:00,M1,76.25,WARN
2025-01-02T07:51:00,M3,90.69,WARN
2025-01-02T07:52:00,M1,82.44,ERROR
2025-01-02T07:53:00,M5,92.14,OK
2025-01-02T07:54:00,M5,117.83,OK
2025-01-02T07:55:00,M5,77.14,OK
2025-01-02T07:56:00,M1,69.71,WARN
2025-01-02T07:57:00,M2,93.02,ERROR
2025-01-02T07:58:00,M1,92.85,OK
2025-01-02T07:59:00,M5,122.22,OK
2025-01-02T08:00:00,M2,59.0,ERROR
2025-01-02T08:01:00,M4,124.28,ERROR
2025-01-02T08:02:00,M2,90.05,OK
2025-01-02T08:03:00,M4,100.73,ERROR
2025-01-02T08:04:00,M6,99.34,WARN
2025-01-02T08:05:00,M1,105.53,ERROR
2025-01-02T08:06:00,M5,74.05,ERROR
2025-01-02T08:07:00,M2,63.59,ERROR
2025-01-02T08:08:00,M4,61.75,OK
2025-01-02T08:09:00,M4,71.02,OK
2025-01-02T08:10:00,M2,72.3,OK
2025-01-02T08:11:00,M3,118.32,WARN
2025-01-02T08:12:00,M1,112.29,WARN
2025-01-02T08:13:00,M5,110.31,WARN
2025-01-02T08:14:00,M2,119.86,WARN
2025-01-02T08:15:00,M3,113.09,OK
2025-01-02T08:16:00,M1,58.22,WARN
2025-01-02T08:17:00,M6,97.32,ERROR
2025-01-02T08:18:00,M1,102.41,WARN
2025-01-02T08:19:00,M3,55.23,WARN
2025-01-02T08:20:00,M2,73.79,WARN
2025-01-02T08:21:00,M3,61.02,OK
2025-01-02T08:22:00,M2,119.24,OK
2025-01-02T08:23:00,M6,92.91,OK
2025-01-02T08:24:00,M4,81.38,WARN
2025-01-02T08:25:00,M1,122.55,OK
2025-01-02T08:26:00,M3,66.45,OK
2025-01-02T08:27:00,M1,61.79,OK
2025-01-02T08:28:00,M5,78.45,ERROR
2025-01-02T08:29:00,M2,113.45,WARN
2025-01-02T08:30:00,M1,100.03,OK
2025-01-02T08:31:00,M3,100.18,OK
2025-01-02T08:32:00,M4,73.8,OK
2025-01-02T08:33:00,M3,108.16,ERROR
2025-01-02T08:34:00,M1,64.75,WARN
2025-01-02T08:35:00,M2,76.86,WARN
2025-01-02T08:36:00,M5,63.83,OK
2025-01-02T08:37:00,M2,112.54,WARN
2025-01-02T08:38:00,M3,56.89,OK
2025-01-02T08:39:00,M2,100.9,WARN
2025-01-02T08:40:00,M5,118.2,WARN
2025-01-02T08:41:00,M5,118.07,ERROR
2025-01-02T08:42:00,M1,62.12,WARN
2025-01-02T08:43:00,M4,59.26,ERROR
2025-01-02T08:44:00,M1,78.35,ERROR
2025-01-02T08:45:00,M6,95.58,OK
2025-01-02T08:46:00,M2,83.33,OK
2025-01-02T08:47:00,M2,112.84,WARN
2025-01-02T08:48:00,M3,118.28,OK
2025-01-02T08:49:00,M3,65.85,WARN
2025-01-02T08:50:00,M3,118.45,ERROR
2025-01-02T08:51:00,M6,104.05,ERROR
2025-01-02T08:52:00,M1,105.48,ERROR
2025-01-02T08:53:00,M5,90.99,ERROR
2025-01-02T08:54:00,M5,122.87,WARN
2025-01-02T08:55:00,M4,122.32,OK
2025-01-02T08:56:00,M6,86.8,OK
2025-01-02T08:57:00,M4,59.95,WARN
2025-01-02T08:58:00,M2,116.39,ERROR
2025-01-02T08:59:00,M3,87.1,ERROR
2025-01-02T09:00:00,M4,105.57,OK
2025-01-02T09:01:00,M3,82.81,ERROR
2025-01-02T09:02:00,M4,105.17,ERROR
2025-01-02T09:03:00,M3,80.96,ERROR
2025-01-02T09:04:00,M5,101.34,OK
2025-01-02T09:05:00,M3,99.2,WARN
2025-01-02T09:06:00,M3,110.49,WARN
2025-01-02T09:07:00,M1,74.24,ERROR
2025-01-02T09:08:00,M2,122.27,OK
2025-01-02T09:09:00,M1,58.73,WARN
2025-01-02T09:10:00,M1,103.92,ERROR
2025-01-02T09:11:00,M5,111.81,ERROR
2025-01-02T09:12:00,M4,123.09,ERROR
2025-01-02T09:13:00,M2,118.65,WARN
2025-01-02T09:14:00,M1,65.23,OK
2025-01-02T09:15:00,M1,60.38,OK
2025-01-02T09:16:00,M2,57.04,ERROR
2025-01-02T09:17:00,M4,57.7,WARN
2025-01-02T09:18:00,M6,92.29,WARN
2025-01-02T09:19:00,M5,97.73,WARN
